{"type":"FeatureCollection","name":"Qiqihar open administrative boundaries (county level)","crs":{"type":"name","properties":{"name":"urn:ogc:def:crs:EPSG::4326"}},"features":[{"type":"Feature","properties":{"regionCode":"230202","regionName":"龙沙区","sourceFeatureName":"Longsha District","sourceFeatureId":"62558664B10391714074732"},"geometry":{"type":"MultiPolygon","coordinates":[[[[123.95977780040528,47.26144039995455],[123.96666729975618,47.27291889958758],[123.96874979956362,47.282001400244496],[123.97110730036172,47.295581899684976],[123.97200030017382,47.3026884000497],[123.97599780015844,47.31246540035801],[123.979360500187,47.32048620007811],[123.98011780039621,47.32229240027408],[123.98439029957274,47.328723900087994],[123.98620579965802,47.331634400307394],[123.98857129992564,47.33873340032619],[123.99122720027515,47.34614150003023],[123.98043829988774,47.34579090022993],[123.96844479988772,47.34756840036147],[123.95554380030615,47.3516844004148],[123.94617479992712,47.35180639974561],[123.92224129969634,47.35743690039271],[123.91105630010827,47.34971589956916],[123.88246129984918,47.32998289969112],[123.88282030021674,47.24973289965362],[123.88105729985455,47.24198889956813],[123.88312479986973,47.235877900145056],[123.88762679973706,47.23923889955563],[123.91001879992768,47.24447940020423],[123.93295279993185,47.25168589978449],[123.95063779979466,47.260200400328245],[123.95977780040528,47.26144039995455]]]]}},{"type":"Feature","properties":{"regionCode":"230203","regionName":"建华区","sourceFeatureName":"Jianhua District","sourceFeatureId":"62558664B9030957209472"},"geometry":{"type":"MultiPolygon","coordinates":[[[[124.10505680003132,47.44271040006498],[124.09928880023801,47.4461099003517],[124.08912630013867,47.45063390033431],[124.08236679958816,47.45243089956642],[124.0726088001561,47.44987440038335],[124.06453680023321,47.44663989961174],[124.05645779998758,47.44523240035505],[124.04466230012508,47.444263399736144],[124.03015130004258,47.444423399920026],[124.02172079977515,47.444152900036386],[124.00991030012028,47.444553399619736],[124.00083179964793,47.44648339958928],[124.00041259956186,47.44570079965223],[123.99503330024663,47.43565740036877],[123.97112280017711,47.42967989990751],[123.93611880024253,47.37901289982551],[123.92899749973492,47.374664100367966],[123.92819229983479,47.374172399636564],[123.91403179972781,47.366477900035136],[123.9109573000394,47.35693739984117],[123.91105630010827,47.34971589956916],[123.92224129969634,47.35743690039271],[123.94617479992712,47.35180639974561],[123.95554380030615,47.3516844004148],[123.96844479988772,47.34756840036147],[123.98043829988774,47.34579090022993],[123.99122720027515,47.34614150003023],[123.99312580041544,47.35038389979718],[123.99785630002827,47.35729990037015],[124.00276929996323,47.3642159000438],[124.01296229967045,47.37313440033239],[124.02442929967253,47.38277789988024],[124.03116580006167,47.38714589986347],[124.04463179961795,47.39733889957063],[124.06082930013213,47.40898889991786],[124.08176429968273,47.42391190011415],[124.10505680003132,47.44271040006498]]]]}},{"type":"Feature","properties":{"regionCode":"230204","regionName":"铁锋区","sourceFeatureName":"Tiefeng District","sourceFeatureId":"62558664B6602116905760"},"geometry":{"type":"MultiPolygon","coordinates":[[[[124.14047980040255,47.092811400026164],[124.14523330017676,47.09661490005766],[124.1539002996592,47.10121539997078],[124.17027280014963,47.11278140004163],[124.18374630005178,47.1192933999705],[124.19546529998365,47.12354289988497],[124.20234679986504,47.127235400193626],[124.20802279991233,47.12905489956404],[124.2197417998442,47.13069140038789],[124.23079679973262,47.13117990043213],[124.24521630009224,47.13236989955129],[124.2593003002687,47.133781399891745],[124.27774029987495,47.13474640032615],[124.29215229988881,47.1375273999696],[124.30523679983855,47.13596339979114],[124.31664279972551,47.135535899861964],[124.32539380038361,47.13075939992643],[124.33611230004271,47.13284289978003],[124.34683229977088,47.13537989986253],[124.35520129990016,47.138595399757946],[124.36257179984875,47.14203640015978],[124.36454780014094,47.1500319001521],[124.36585230004368,47.159629900299706],[124.36715679994643,47.170825900395016],[124.36779030038213,47.1804238996433],[124.36775979987488,47.18932740013946],[124.36839280028755,47.2002904002818],[124.36936180000714,47.209434400177486],[124.3720092997894,47.2210843996254],[124.37566380014437,47.234340400289284],[124.3772888004379,47.24621940040504],[124.37657179974883,47.25901040030976],[124.37644930039494,47.263717399738255],[124.39781179987472,47.27537539955512],[124.39383680002834,47.287460400177395],[124.40515879963891,47.29553240010023],[124.4021528004115,47.30384390027581],[124.40782929958254,47.30825440042031],[124.41998329978946,47.30880339965722],[124.42227180010354,47.31101590006381],[124.4180527997969,47.31634540032002],[124.42276779959434,47.324527399919646],[124.41190330039706,47.329215900293605],[124.41100330026211,47.33448789969685],[124.4166183001945,47.337394899754884],[124.42545330022972,47.33724990026275],[124.42423229968097,47.349410899893144],[124.42034929958061,47.35295839981035],[124.41697679963966,47.35432439985124],[124.41124729982312,47.357051899725434],[124.40618880037289,47.3584133995588],[124.39843729994152,47.3611448996175],[124.39029679955775,47.3642044004128],[124.37651829997958,47.36841190018907],[124.36302179991617,47.373637900169],[124.3552628000383,47.378188899598115],[124.34716779995404,47.37977189975345],[124.33334330005334,47.38316339967122],[124.32657630005622,47.38657739972729],[124.31950380036017,47.38883989974164],[124.30802930001221,47.39109790044779],[124.2857668003976,47.39377990002242],[124.27567279985988,47.39352389990813],[124.26892830000111,47.39281839974939],[124.2530667996931,47.3950573995794],[124.23927280029955,47.394328900158655],[124.22444930019515,47.39154440035384],[124.21402030039656,47.38922490040886],[124.20054629957212,47.38849239990441],[124.19245130038723,47.39006439955244],[124.18402080011992,47.39049140035792],[124.17257680027922,47.38884740008751],[124.16146080027579,47.38858040036524],[124.15200779962026,47.390598399896305],[124.14521030001538,47.39810940002883],[124.12145229978387,47.417884900068145],[124.11466979997135,47.422199400282125],[124.11260980030215,47.42721190030903],[124.11051179977983,47.43565340018432],[124.10505680003132,47.44271040006498],[124.08176429968273,47.42391190011415],[124.06082930013213,47.40898889991786],[124.04463179961795,47.39733889957063],[124.03116580006167,47.38714589986347],[124.02442929967253,47.38277789988024],[124.01296229967045,47.37313440033239],[124.00276929996323,47.3642159000438],[123.99785630002827,47.35729990037015],[123.99312580041544,47.35038389979718],[123.99122720027515,47.34614150003023],[123.98857129992564,47.33873340032619],[123.98620579965802,47.331634400307394],[123.98439029957274,47.328723900087994],[123.98011780039621,47.32229240027408],[123.979360500187,47.32048620007811],[123.97599780015844,47.31246540035801],[123.97200030017382,47.3026884000497],[123.97110730036172,47.295581899684976],[123.96874979956362,47.282001400244496],[123.96666729975618,47.27291889958758],[123.95977780040528,47.26144039995455],[124.0064702997646,47.21386340027573],[124.0249407998781,47.19919189998626],[124.05265780011746,47.179626399738595],[124.072769300363,47.165496900161884],[124.09722130022294,47.143214899647944],[124.11733230044536,47.12147890003126],[124.14047980040255,47.092811400026164]]]]}},{"type":"Feature","properties":{"regionCode":"230205","regionName":"昂昂溪区","sourceFeatureName":"Ang'angxi District","sourceFeatureId":"62558664B84379514598009"},"geometry":{"type":"MultiPolygon","coordinates":[[[[123.69522079960029,47.21154789961594],[123.69422130027283,47.166724400111036],[123.6523893002261,47.14281840024904],[123.66409280034247,47.1065254002271],[123.67368330014426,47.114363900173885],[123.6823502996267,47.11740490011613],[123.68972029955228,47.11791989958374],[123.69840980007223,47.11958690001546],[123.70171330042854,47.122810400279775],[123.70702379980855,47.12696440028691],[123.72068030005585,47.13209140019802],[123.72738629993785,47.13236989955129],[123.73577880025152,47.131748399668936],[123.74755079992951,47.129551399977174],[123.75766729970621,47.125739899576786],[123.76477830027841,47.12122339993999],[123.76986680021275,47.11714940002486],[123.77736679983798,47.108749400264685],[123.78318780027678,47.100570399904086],[123.79000830004304,47.09239140044281],[123.79843129996459,47.08925239957864],[123.80452729959529,47.08427040005898],[123.82454680009482,47.06590290019875],[123.8292997998459,47.06182490009911],[123.83975229982889,47.05686539981838],[123.84616829982724,47.053020399671766],[123.84622179959649,47.04891189996425],[123.84570329996734,47.037711899684496],[123.85254679989498,47.02564990012286],[123.8597027998444,47.01724640020126],[123.86814129958134,47.01090189990282],[123.87687680042404,47.008674899726884],[123.89095280023162,47.00670239959612],[123.90200029977404,47.006545899573666],[123.91605380034264,47.00640090008153],[123.92278280038602,47.00369640036865],[123.93187729979763,46.99758139986176],[123.93792730000496,46.995105899917405],[123.9546888004478,46.99245840013509],[123.96806330028119,46.99367539960008],[123.97473879965594,46.994849899803114],[123.99418629985792,46.99061589970404],[124.00582879985927,46.9968454000952],[124.01313030022322,47.00258989970416],[124.02012629998876,47.005824899599475],[124.02781680030512,47.00654989975811],[124.03719380015377,47.00545140036189],[124.04355680040612,47.00411239976751],[124.05126179959245,47.00368890002278],[124.06626880006513,47.00924289983999],[124.07257829964885,47.01452639977356],[124.07853680013329,47.02163690032273],[124.08316030020774,47.028739899626714],[124.09143829973777,47.038825899795484],[124.09542079993003,47.04249890010419],[124.1073682996074,47.05511490003266],[124.11765279993688,47.067489399616136],[124.12460330030217,47.07688889960309],[124.13289629962458,47.08674189981889],[124.14047980040255,47.092811400026164],[124.11733230044536,47.12147890003126],[124.09722130022294,47.143214899647944],[124.072769300363,47.165496900161884],[124.05265780011746,47.179626399738595],[124.0249407998781,47.19919189998626],[124.0064702997646,47.21386340027573],[123.95977780040528,47.26144039995455],[123.95063779979466,47.260200400328245],[123.93295279993185,47.25168589978449],[123.91001879992768,47.24447940020423],[123.88762679973706,47.23923889955563],[123.88312479986973,47.235877900145056],[123.86653880032543,47.22349940037708],[123.7958223001591,47.21154789961594],[123.69522079960029,47.21154789961594]]]]}},{"type":"Feature","properties":{"regionCode":"230206","regionName":"富拉尔基区","sourceFeatureName":"Fularji District","sourceFeatureId":"62558664B79904984618599"},"geometry":{"type":"MultiPolygon","coordinates":[[[[123.69522079960029,47.21154789961594],[123.62947830038331,47.25637039997406],[123.58764630033659,47.28923790030893],[123.5492782999537,47.32894490038689],[123.54331980036852,47.32363490013057],[123.53102129979322,47.31575790020696],[123.52197279980498,47.31384640019127],[123.5115128003755,47.31489189984137],[123.5027462999019,47.31572340041464],[123.48928080036876,47.316055400436426],[123.47749329997589,47.316852400318055],[123.47242730017979,47.31748940001586],[123.46395879995873,47.31991889963757],[123.45578779996708,47.32463839964248],[123.44830330015725,47.32890290024869],[123.43816380021929,47.33017340038219],[123.4376067997141,47.32491689989507],[123.43875130033234,47.31853090038078],[123.44534280033008,47.30900189981787],[123.45491029997038,47.30178439973031],[123.4620972995508,47.29569240028411],[123.46826929998826,47.29026790014353],[123.47133630023018,47.28778439983023],[123.47383879962092,47.28095639971815],[123.47122929979241,47.27704990033271],[123.46803279987387,47.269023899833144],[123.46849080031029,47.26285939974156],[123.47277830017845,47.25033939974355],[123.47783679962868,47.249702400045805],[123.49733729957677,47.24874489995722],[123.5121383004423,47.248653400234275],[123.52327729970773,47.24624639985154],[123.53072330044006,47.24402990015983],[123.53630779986509,47.232890899995084],[123.53678830043975,47.225127899932716],[123.53688030018577,47.220104400297885],[123.53128030004586,47.21456890043447],[123.52198729957433,47.20854190038847],[123.52545180016057,47.20309440008657],[123.52693930040846,47.19557190032299],[123.53510280005423,47.19039139974336],[123.53761279979096,47.181960900375316],[123.53874179969432,47.175349900377626],[123.53991679992043,47.16667939983449],[123.5415268004216,47.15253040025783],[123.5307768002092,47.138137900243976],[123.53495779966283,47.134879900187286],[123.5381392997889,47.12884139961096],[123.53365329976009,47.12438239992787],[123.52150679989893,47.122237899959146],[123.53124230009212,47.1138878998068],[123.53005230007363,47.109393900308305],[123.5200422998123,47.10348140014656],[123.52216329959663,47.099704899561516],[123.5306317998178,47.090522899712084],[123.5415268004216,47.081710899838185],[123.5470583001005,47.0726243998962],[123.54744680002989,47.06920240037056],[123.55513780036927,47.052597399950116],[123.55960080023681,47.04692840022557],[123.56848880001814,47.03695289975656],[123.57495130036227,47.031299399847455],[123.58138280017613,47.02746940039259],[123.58844730040266,47.025702899868975],[123.59184279960562,47.02299540001775],[123.60253880002563,47.02376939973806],[123.60949679983753,47.02725590043951],[123.6141127995661,47.03209689975216],[123.61702729997,47.037597399800234],[123.62190229995122,47.04609689965224],[123.62615179986574,47.05207039992905],[123.62909679987752,47.05575189973047],[123.63269030011736,47.0612639003088],[123.63323930025354,47.06834789963591],[123.6331327998389,47.07497390032529],[123.63867179986369,47.083698399761374],[123.64627079955778,47.08970239964606],[123.6551978002384,47.097087400263376],[123.66409280034247,47.1065254002271],[123.6523893002261,47.14281840024904],[123.69422130027283,47.166724400111036],[123.69522079960029,47.21154789961594]]]]}},{"type":"Feature","properties":{"regionCode":"230207","regionName":"碾子山区","sourceFeatureName":"Nianzishan District","sourceFeatureId":"62558664B50001016646076"},"geometry":{"type":"MultiPolygon","coordinates":[[[[122.79857640038063,47.64509199959616],[122.8024057999877,47.6334683997469],[122.80506879958546,47.624606900288256],[122.80703730043115,47.61618040020534],[122.81276680024769,47.60622039955183],[122.81526180019193,47.602603900049985],[122.81913729994653,47.5980948998598],[122.82099930037748,47.59263990011135],[122.82327279999981,47.58513640032464],[122.8258898001742,47.57763689982312],[122.82673629964063,47.57217040044367],[122.82630130026484,47.56485340026427],[122.8244628000183,47.55888740033333],[122.82309029967769,47.54927390037028],[122.82332629976895,47.541930899891156],[122.82360830018297,47.53897840043288],[122.82475279990183,47.535575900007814],[122.82660679996388,47.53081139972636],[122.82945229988377,47.526748900341545],[122.83262629966407,47.52314739973275],[122.8357697998365,47.52023290022822],[122.83788280015119,47.517753400099366],[122.83904279968556,47.51389290013731],[122.83984379975163,47.51025389959784],[122.84220879999623,47.500701899772935],[122.8490983002464,47.49693689971821],[122.85151680026024,47.495151900140115],[122.85568980024414,47.49202339976017],[122.8622663004495,47.487567900238446],[122.86569979960609,47.485793900268334],[122.86846180017199,47.484237400435745],[122.87185680025118,47.4833828997011],[122.87629679995746,47.4818579004218],[122.8810808002388,47.48056390010396],[122.8838503002512,47.4785574002039],[122.88693230028548,47.477237899609406],[122.88903029990843,47.4752158998939],[122.88961029967561,47.46814740038229],[122.88878630034753,47.46288290042554],[122.89195229975894,47.45904939990993],[122.89510330027713,47.45590589973756],[122.89753730010636,47.453666399884526],[122.90099330030068,47.45143889968551],[122.90013080009646,47.44708590039403],[122.9026863001327,47.44119240020916],[122.91438279992633,47.43892289987201],[122.91940280029905,47.43990690028329],[122.92711629987741,47.44139090036981],[122.9368208004397,47.444038400152124],[122.9434663002296,47.447334400162504],[122.9479827998664,47.45424989981308],[122.95012679981198,47.46158589996935],[122.9533462998919,47.466429900319724],[122.95754980038305,47.47288490031792],[122.9605333003716,47.474983399964],[122.96753679958374,47.47759239976949],[122.9712067997541,47.47879040015687],[122.98403929977394,47.4789659001562],[122.99008929998126,47.47996140019853],[122.98547380027571,47.487663400145834],[122.98665629994832,47.49316040003248],[122.99323280015369,47.49964889977696],[122.98726630019962,47.50687790039484],[122.98150629987595,47.50748040030027],[122.97441880038741,47.507385400415956],[122.96764380002139,47.508204900435885],[122.96185280006671,47.509723400314726],[122.96304330010832,47.51522040020137],[122.96288279990131,47.520698900134164],[122.95596330006629,47.52585589963013],[122.9523163000573,47.53471389982667],[122.95004280043497,47.543132899563716],[122.9521638002193,47.55115489987878],[122.95572679995189,47.55600340043662],[122.95755779985268,47.56288090013351],[122.95709980031563,47.566985899679594],[122.95765679992144,47.5708769001489],[122.96157029962967,47.57572939999187],[122.96626280018813,47.577163399571305],[122.97444129962639,47.57522189997076],[122.98502330018516,47.571941399775824],[122.99256880011012,47.568164900090096],[123.00003029975858,47.567580900138466],[123.01019279985792,47.56726089977076],[123.01818829985018,47.57102189964098],[123.02580280025904,47.57660689998852],[123.03479779957888,47.58152390010798],[123.04312879975441,47.58574290041457],[123.04781329994387,47.587634400407296],[123.05700680032362,47.58570090027638],[123.06140129973028,47.58575840023002],[123.0691908001154,47.585403400046914],[123.0768507999245,47.589615400030766],[123.07945230028349,47.593299899970475],[123.0825577996028,47.60338990032369],[123.08303079983159,47.61070589955767],[123.08183280034348,47.6175429000848],[123.0777128001057,47.61999890002926],[123.07063280006378,47.61876689987258],[123.05785379981307,47.61563090004603],[123.0486832995947,47.61665340043413],[123.04086279957858,47.61791990038313],[123.03121930003078,47.623729900314686],[123.02387230026648,47.63207989956777],[123.01717379983108,47.64135340003941],[123.01162730035969,47.64562239995382],[123.00501979962416,47.651698899584574],[122.99539179989176,47.65681840004919],[122.98783080015141,47.66036990015084],[122.97857679967967,47.66389439990667],[122.96502679984701,47.66393640004486],[122.95423130023437,47.66264739995762],[122.94412229990428,47.660903899595326],[122.93151080018333,47.66346790002365],[122.91982279988235,47.66900990018678],[122.912132299566,47.67666639983452],[122.90965280033652,47.68028240021266],[122.90067289973456,47.690273299773025],[122.8363571003,47.669441199751645],[122.79857640038063,47.64509199959616]]]]}},{"type":"Feature","properties":{"regionCode":"230208","regionName":"梅里斯达斡尔族区","sourceFeatureName":"Meilisi Daur District","sourceFeatureId":"62558664B30371997648461"},"geometry":{"type":"MultiPolygon","coordinates":[[[[123.88312479986973,47.235877900145056],[123.88105729985455,47.24198889956813],[123.88282030021674,47.24973289965362],[123.88246129984918,47.32998289969112],[123.91105630010827,47.34971589956916],[123.9109573000394,47.35693739984117],[123.91403179972781,47.366477900035136],[123.92819229983479,47.374172399636564],[123.92899749973492,47.374664100367966],[123.93611880024253,47.37901289982551],[123.97112280017711,47.42967989990751],[123.99503330024663,47.43565740036877],[124.00041259956186,47.44570079965223],[124.00083179964793,47.44648339958928],[123.99002080021978,47.44877640011083],[123.9866177997717,47.45080940033364],[123.98621380002692,47.45514289962517],[123.98650379991045,47.45902239956416],[123.98812880020398,47.462909899872045],[123.98808279988134,47.466560400042454],[123.98903629978543,47.4695314003539],[123.98999029971264,47.47364790043031],[123.9899367999434,47.47775640013782],[123.99192830005109,47.480052899921475],[123.99459829997159,47.481891400168024],[123.99693229968591,47.4839629003676],[123.9999463001817,47.485126900086414],[124.00396730035072,47.48698040012545],[124.0083313001494,47.489288400439364],[124.00285330023962,47.494499399727545],[124.00144179989923,47.498824900448824],[124.00375380039759,47.50271990020326],[124.00673680036311,47.505702900168785],[124.01009379958919,47.50755690023084],[124.0137862998979,47.509177900339864],[124.01674629970205,47.51398439986019],[124.01129129995354,47.51828740044323],[124.0092088001461,47.52237690017387],[124.00982679986703,47.525802399860936],[124.01756279958363,47.52882389980317],[124.0229492997704,47.52977390044521],[124.02665729989451,47.530479399704575],[124.0340802995662,47.53098689972569],[124.03262329982545,47.538272900274194],[124.03492729995503,47.54307939979452],[124.03656029971808,47.54719890000928],[124.03885630037803,47.55155190020008],[124.04252629964913,47.5547674000955],[124.04823280020366,47.55868139982681],[124.05259680000233,47.56076439965739],[124.05860880025602,47.56604739956788],[124.06127179985378,47.56857690020382],[124.06495679981651,47.571109900101874],[124.0693207996153,47.57387539992982],[124.07436380014929,47.57550040022335],[124.07805629955863,47.577117900171004],[124.08177930037448,47.57760190000772],[124.08583829959787,47.577396400423595],[124.09055330029469,47.57833839979736],[124.08847029956473,47.58311839989432],[124.08740980012226,47.58630390020488],[124.0856627995986,47.59085439961092],[124.08219129958889,47.59767889956163],[124.08045180031036,47.601775899638085],[124.07698779974726,47.607688899822904],[124.07727829965381,47.611564399577446],[124.07991129966683,47.613223899663296],[124.08249199960619,47.61852779981814],[124.08560769993551,47.620571699824154],[124.09197759978645,47.62119359990476],[124.09601309972481,47.624650199946814],[124.10310010008959,47.628604900295954],[124.1075764000309,47.63194999969278],[124.10922439958642,47.63607610003203],[124.1201627996735,47.64627140020502],[124.122840799963,47.64765540017663],[124.1248323000707,47.651088900232594],[124.12547279992987,47.65428540015114],[124.12848680042555,47.656810899703316],[124.1318512999976,47.658427899627895],[124.13556679956821,47.65959140022301],[124.14098330023921,47.65938939990093],[124.14539330036064,47.65895839981033],[124.14878830043983,47.65761189976939],[124.15287029982449,47.65603639995993],[124.15828679959623,47.65560890003076],[124.16134580036851,47.654941399825816],[124.16980730026671,47.655212399732534],[124.17926780036873,47.656860400187384],[124.18520329979253,47.65866489976537],[124.19283279999377,47.6546478997808],[124.19687630030103,47.655353399939486],[124.20362829960641,47.657898400390934],[124.2063217997113,47.65973639971514],[124.21102880003912,47.66249840028098],[124.21507280036951,47.66479890024908],[124.21806329978153,47.66983390041423],[124.21663679964865,47.67666989999594],[124.21624729967323,47.68122839977087],[124.2158812998822,47.684425399712495],[124.2175367997836,47.68739690004696],[124.21444680027969,47.691032400425],[124.21103680040812,47.693752399953325],[124.20590929957461,47.69828789956699],[124.20452130031777,47.701701899623004],[124.20446030020275,47.70740890020062],[124.20646680010282,47.70969839966148],[124.2091598001847,47.711536399885006],[124.21218879957348,47.713374400108535],[124.21624729967323,47.71408439957543],[124.2213362996306,47.71364990022278],[124.22541829991462,47.71229939999739],[124.22846980034103,47.711631899792394],[124.23458079976422,47.7107503996113],[124.23995180013549,47.71602239991387],[124.23821980030357,47.71989040022186],[124.23715979998485,47.7239913995835],[124.23204030041961,47.72739039984714],[124.22930930038399,47.72965990018429],[124.2309567999165,47.73331839982433],[124.23400130002005,47.73492790030241],[124.24040979967253,47.73746490038491],[124.24511730002348,47.74113839981737],[124.24846629977992,47.74525840005515],[124.24877180037834,47.74936689976266],[124.2473833001992,47.752555900234654],[124.24394279982039,47.757556899731185],[124.23983780027436,47.761646400361144],[124.23708330005434,47.76573940025315],[124.23738080028374,47.769847899960666],[124.23869379967914,47.77418889959807],[124.24170680012878,47.77716840030149],[124.24540729990701,47.78106290003285],[124.24741379980708,47.784037899629425],[124.25179280029761,47.78816240007478],[124.259849300405,47.79663839974239],[124.26390829962838,47.798026899921524],[124.26866130027884,47.79827489966692],[124.27409379988899,47.79829789982824],[124.28460679996385,47.79903389959486],[124.29308329965465,47.800208899820916],[124.30017830038832,47.803203400316704],[124.30491630034703,47.80459189959652],[124.3089827999163,47.80689239956462],[124.30892930014716,47.812362400004815],[124.30449679988749,47.813487899746804],[124.29466229962554,47.81298840009464],[124.28687280013969,47.81067639959622],[124.28098280011625,47.81249589986595],[124.2786638001943,47.81793990000642],[124.27726729964627,47.82157889964657],[124.27689330038561,47.82500090007153],[124.27683230027048,47.83184439999911],[124.27915180021546,47.83778389960736],[124.28285980033957,47.840991900056224],[124.28724680029961,47.84397890020614],[124.29062629966404,47.8453599000394],[124.29467780034031,47.84880439970334],[124.29975879992878,47.850646400111316],[124.3017728001746,47.85476290018772],[124.30307780010048,47.85955840010013],[124.30168929992135,47.86320089990164],[124.29929330004586,47.86592889979892],[124.2961808004037,47.87093340035619],[124.2818833002741,47.86804939956022],[124.27745830036031,47.86872490013411],[124.26862280030207,47.86824390043569],[124.25910929955455,47.86730590034705],[124.25026680007284,47.86659239981947],[124.23872380016326,47.8656464002612],[124.22852330011028,47.86515790021696],[124.22073379972517,47.86215989955974],[124.20989229978989,47.85504889988687],[124.20350630027565,47.844753399949525],[124.19750230039097,47.8292083998478],[124.19618980011921,47.82235340028927],[124.18875880007863,47.816848900056755],[124.17788679963621,47.815666400384146],[124.15686030036261,47.81238940035058],[124.14058679994093,47.80890289964913],[124.12870030037857,47.80886090041025],[124.11508180008502,47.8126829003956],[124.10650630032558,47.821327399739744],[124.10135630025309,47.82838040033528],[124.0928267999169,47.83199689983712],[124.08027630031108,47.83103190030204],[124.0646363003251,47.83095939965665],[124.04631029968061,47.82973089966134],[124.038513299849,47.82809839992126],[124.02498630017772,47.821407399831685],[124.01654829956442,47.81634540022009],[124.00778980035909,47.80990990022178],[123.99970229972143,47.80347440022342],[123.9936367996986,47.79841589987393],[123.99062330012521,47.79612340027478],[123.98082729984003,47.79127539973996],[123.96418779962733,47.791187400178444],[123.95056930023304,47.794307900189494],[123.94307730007745,47.79586389999906],[123.93290729963223,47.79443739986618],[123.92350779964534,47.78639240028912],[123.91853329957223,47.777000399748715],[123.91313929993885,47.7737734002223],[123.87188729965919,47.76096739962583],[123.83197029978953,47.75271989970366],[123.8211593003615,47.749683399969],[123.77922029987701,47.74094790002562],[123.76164229955259,47.73694589983347],[123.73631279969607,47.730594400111556],[123.72680680019369,47.73052190036549],[123.68863679994843,47.72132890000876],[123.67752830029087,47.716445899658595],[123.66208630044252,47.70741639964717],[123.65685280011667,47.69686889977993],[123.64681979969407,47.688339400343125],[123.6260068003736,47.67697889985641],[123.61459330014077,47.67185990031419],[123.6058198002437,47.669502400415524],[123.58917980000786,47.67141739969327],[123.5803678001339,47.67179890019912],[123.56712330000039,47.67374039979967],[123.55661029992541,47.67410290032865],[123.5577162996675,47.66908640011735],[123.56124879979234,47.66181190009917],[123.56472780014792,47.65681840004919],[123.56620029970418,47.65066539958855],[123.57003030005842,47.6449889004175],[123.57974980041297,47.63183189982237],[123.58400729979712,47.62067789986526],[123.58615880008858,47.61475390007246],[123.58802029959725,47.60564039978465],[123.59129330034557,47.59310539999427],[123.5911178003463,47.58397289972959],[123.59098829977029,47.5725519000502],[123.58783730015136,47.559963399591254],[123.57922380043806,47.550067400090484],[123.56929030010735,47.539016900409706],[123.56739029972266,47.53237890006625],[123.56083679967867,47.52090089955692],[123.56133280006873,47.513370400323765],[123.56549080026025,47.5072404000245],[123.57364630043651,47.50434090031234],[123.59306330013123,47.49560140018451],[123.59655780030232,47.48878489970343],[123.59332280040701,47.4816739000305],[123.58537279981488,47.4731559002247],[123.584167299981,47.46491989993348],[123.58643330015673,47.45215240021315],[123.58318329956967,47.4450453998254],[123.57662180005605,47.43493640039463],[123.5713727999148,47.42689490007962],[123.56881729987856,47.4186514003419],[123.566947800001,47.410640899657835],[123.56546029975311,47.40034839985884],[123.56365980035957,47.38845439995066],[123.56445330007978,47.38206840043637],[123.56935130022237,47.37229140012806],[123.57434080008795,47.35725790023196],[123.57687379998595,47.34791540017562],[123.57662180005605,47.34311690012487],[123.57068679975612,47.3362119000592],[123.55931829979977,47.33223340005145],[123.5492782999537,47.32894490038689],[123.58764630033659,47.28923790030893],[123.62947830038331,47.25637039997406],[123.69522079960029,47.21154789961594],[123.7958223001591,47.21154789961594],[123.86653880032543,47.22349940037708],[123.88312479986973,47.235877900145056]]]]}},{"type":"Feature","properties":{"regionCode":"230221","regionName":"龙江县","sourceFeatureName":"Longjiang County","sourceFeatureId":"62558664B14005894926037"},"geometry":{"type":"MultiPolygon","coordinates":[[[[123.5492782999537,47.32894490038689],[123.55931829979977,47.33223340005145],[123.57068679975612,47.3362119000592],[123.57662180005605,47.34311690012487],[123.57687379998595,47.34791540017562],[123.57434080008795,47.35725790023196],[123.56935130022237,47.37229140012806],[123.56445330007978,47.38206840043637],[123.56365980035957,47.38845439995066],[123.56546029975311,47.40034839985884],[123.566947800001,47.410640899657835],[123.56881729987856,47.4186514003419],[123.5713727999148,47.42689490007962],[123.57662180005605,47.43493640039463],[123.58318329956967,47.4450453998254],[123.58643330015673,47.45215240021315],[123.584167299981,47.46491989993348],[123.58537279981488,47.4731559002247],[123.59332280040701,47.4816739000305],[123.59655780030232,47.48878489970343],[123.59306330013123,47.49560140018451],[123.57364630043651,47.50434090031234],[123.56549080026025,47.5072404000245],[123.56133280006873,47.513370400323765],[123.56083679967867,47.52090089955692],[123.56739029972266,47.53237890006625],[123.56929030010735,47.539016900409706],[123.57922380043806,47.550067400090484],[123.58783730015136,47.559963399591254],[123.59098829977029,47.5725519000502],[123.5911178003463,47.58397289972959],[123.59129330034557,47.59310539999427],[123.58802029959725,47.60564039978465],[123.58615880008858,47.61475390007246],[123.58400729979712,47.62067789986526],[123.57974980041297,47.63183189982237],[123.57003030005842,47.6449889004175],[123.56620029970418,47.65066539958855],[123.56472780014792,47.65681840004919],[123.56124879979234,47.66181190009917],[123.5577162996675,47.66908640011735],[123.55661029992541,47.67410290032865],[123.5404437999415,47.677062900132796],[123.52822130017296,47.67786390019887],[123.51400730029673,47.677051399602476],[123.50557730005244,47.67514389977123],[123.49861129987164,47.667541399915706],[123.49028780004198,47.66015990035919],[123.48636629996486,47.652816899880065],[123.48214729965821,47.64364240037651],[123.47789779974369,47.63652040019639],[123.46985630032805,47.631877400121994],[123.45797730021229,47.63381939974556],[123.44397730031221,47.63915989960975],[123.43168630008279,47.64429489988976],[123.42616980019613,47.649032399825444],[123.42165379968321,47.654697400264865],[123.41609929984293,47.661033400171334],[123.40171830035933,47.66819739959038],[123.39114380014632,47.67151189955456],[123.37966130032885,47.66979989974561],[123.36479930024757,47.66781589998385],[123.35507180042327,47.66360490004615],[123.34738929957655,47.65872589988044],[123.34401679963571,47.658237399836196],[123.33551030036017,47.65974440008404],[123.32466880042489,47.660083899552376],[123.30980680034361,47.65809639962919],[123.29562380009838,47.656566400119345],[123.28309629975445,47.655971399660416],[123.26584630016669,47.65532290033161],[123.24353029988345,47.65369790003808],[123.22119879978482,47.652755899765],[123.2100222996894,47.65307990031721],[123.20564280007522,47.652114899882804],[123.19664829987914,47.64629739960537],[123.18594379996648,47.64091889978744],[123.17754380020631,47.638759400026345],[123.16705330026969,47.63840790000461],[123.15216079968127,47.63822539968248],[123.14067080041718,47.63717289970958],[123.12822730034975,47.63427740018193],[123.11952980036006,47.63028290033566],[123.11723279965406,47.62797139986026],[123.11900330036212,47.62479439994166],[123.12552629989887,47.62122339984006],[123.13207979994286,47.61651240022712],[123.13088979992438,47.61056140008861],[123.13098129964737,47.6071319002171],[123.13343829963787,47.60374040029927],[123.13789380005892,47.601737899684395],[123.14408879975838,47.597705899907396],[123.14353929959907,47.592902899649175],[123.1395568003062,47.58988589991441],[123.13279729975568,47.589572899869495],[123.127006299801,47.59109890009421],[123.11881979999384,47.59373840040689],[123.11235829969587,47.59479889984942],[123.10227230042642,47.592613399788604],[123.09349080016034,47.59204489965248],[123.07945230028349,47.593299899970475],[123.0768507999245,47.589615400030766],[123.0691908001154,47.585403400046914],[123.06140129973028,47.58575840023002],[123.05700680032362,47.58570090027638],[123.04781329994387,47.587634400407296],[123.04312879975441,47.58574290041457],[123.03479779957888,47.58152390010798],[123.02580280025904,47.57660689998852],[123.01818829985018,47.57102189964098],[123.01019279985792,47.56726089977076],[123.00003029975858,47.567580900138466],[122.99256880011012,47.568164900090096],[122.98502330018516,47.571941399775824],[122.97444129962639,47.57522189997076],[122.96626280018813,47.577163399571305],[122.96157029962967,47.57572939999187],[122.95765679992144,47.5708769001489],[122.95709980031563,47.566985899679594],[122.95755779985268,47.56288090013351],[122.95572679995189,47.55600340043662],[122.9521638002193,47.55115489987878],[122.95004280043497,47.543132899563716],[122.9523163000573,47.53471389982667],[122.95596330006629,47.52585589963013],[122.96288279990131,47.520698900134164],[122.96304330010832,47.51522040020137],[122.96185280006671,47.509723400314726],[122.96764380002139,47.508204900435885],[122.97441880038741,47.507385400415956],[122.98150629987595,47.50748040030027],[122.98726630019962,47.50687790039484],[122.99323280015369,47.49964889977696],[122.98665629994832,47.49316040003248],[122.98547380027571,47.487663400145834],[122.99008929998126,47.47996140019853],[122.98403929977394,47.4789659001562],[122.9712067997541,47.47879040015687],[122.96753679958374,47.47759239976949],[122.9605333003716,47.474983399964],[122.95754980038305,47.47288490031792],[122.9533462998919,47.466429900319724],[122.95012679981198,47.46158589996935],[122.9479827998664,47.45424989981308],[122.9434663002296,47.447334400162504],[122.9368208004397,47.444038400152124],[122.92711629987741,47.44139090036981],[122.91940280029905,47.43990690028329],[122.91438279992633,47.43892289987201],[122.9026863001327,47.44119240020916],[122.90013080009646,47.44708590039403],[122.90099330030068,47.45143889968551],[122.89753730010636,47.453666399884526],[122.89510330027713,47.45590589973756],[122.89195229975894,47.45904939990993],[122.88878630034753,47.46288290042554],[122.88961029967561,47.46814740038229],[122.88903029990843,47.4752158998939],[122.88693230028548,47.477237899609406],[122.8838503002512,47.4785574002039],[122.8810808002388,47.48056390010396],[122.87629679995746,47.4818579004218],[122.87185680025118,47.4833828997011],[122.86846180017199,47.484237400435745],[122.86569979960609,47.485793900268334],[122.8622663004495,47.487567900238446],[122.85568980024414,47.49202339976017],[122.85151680026024,47.495151900140115],[122.8490983002464,47.49693689971821],[122.84220879999623,47.500701899772935],[122.83984379975163,47.51025389959784],[122.83904279968556,47.51389290013731],[122.83788280015119,47.517753400099366],[122.8357697998365,47.52023290022822],[122.83262629966407,47.52314739973275],[122.82945229988377,47.526748900341545],[122.82660679996388,47.53081139972636],[122.82475279990183,47.535575900007814],[122.82360830018297,47.53897840043288],[122.82332629976895,47.541930899891156],[122.82309029967769,47.54927390037028],[122.8244628000183,47.55888740033333],[122.82630130026484,47.56485340026427],[122.82673629964063,47.57217040044367],[122.8258898001742,47.57763689982312],[122.82327279999981,47.58513640032464],[122.82099930037748,47.59263990011135],[122.81913729994653,47.5980948998598],[122.81526180019193,47.602603900049985],[122.81276680024769,47.60622039955183],[122.80703730043115,47.61618040020534],[122.80506879958546,47.624606900288256],[122.8024057999877,47.6334683997469],[122.79857640038063,47.64509199959616],[122.75901029978559,47.6145247995799],[122.61624150044497,47.56190869972676],[122.56761170041966,47.534324600400055],[122.54377749973185,47.512638100368065],[122.49520109965113,47.40611650037624],[122.38880269958497,47.34405819982612],[122.44705960002057,47.301628100256664],[122.45620729972711,47.27343370030508],[122.51175689996103,47.22525409999679],[122.52493289963365,47.1962051003851],[122.56742100007921,47.161953000230824],[122.58569450010111,47.15167359995672],[122.59037989961269,47.15294789972586],[122.59703730013132,47.1398582997208],[122.60889950001194,47.13252999955989],[122.60851870007798,47.122212799880856],[122.62790320007264,47.11852939981202],[122.62871199995891,47.114198200086946],[122.62942260017292,47.112949100220874],[122.6320591003473,47.11167309983375],[122.63439290041208,47.11199889992935],[122.63590880035088,47.11169800026255],[122.63811059972443,47.11045630001826],[122.63786839970692,47.10901389987163],[122.64138389994707,47.10698010015153],[122.64497590011774,47.10759130009848],[122.64754349963289,47.10720759985088],[122.6493482995844,47.10555569993568],[122.65019699969184,47.10324480020739],[122.65105010018203,47.102315699809765],[122.65252220043931,47.102315699809765],[122.65457159979951,47.10461340018833],[122.65776639999945,47.10499710043587],[122.66044640038115,47.10419110013919],[122.66148500043244,47.10317479967733],[122.6600114001061,47.10095970023002],[122.6600114001061,47.09888719998435],[122.66125670033648,47.098232200355824],[122.66444979991843,47.09790409979445],[122.66636129993412,47.09725339982458],[122.66642549983703,47.09646610003057],[122.66688700043483,47.0954059000623],[122.66824099992232,47.094945000211624],[122.67076539960362,47.09523140010907],[122.67390979999732,47.09471760033705],[122.67435539968199,47.09324390018588],[122.67429529978835,47.091933700380025],[122.67486339972618,47.0909281998766],[122.67704689969469,47.09053690035773],[122.67966399969384,47.09119990035515],[122.68116549968818,47.090711000112606],[122.68183850014668,47.08941980028362],[122.68314400009558,47.08865210031422],[122.68498289964111,47.08744039965478],[122.68671040016488,47.087401200005445],[122.68887890034102,47.08803390004448],[122.68988620038795,47.08748530010655],[122.6905878001869,47.08618230027298],[122.68965430030573,47.08495340007943],[122.68853809955374,47.08299329980099],[122.68934359982734,47.082335100384626],[122.69516460026614,47.08262110008377],[122.69657280009471,47.0823595997158],[122.69833900024469,47.08053479974126],[122.69951849977906,47.08007589998283],[122.70073140013403,47.08041379955728],[122.70139390010843,47.081398100342085],[122.70272280041695,47.08187209971766],[122.70572950021631,47.08242660010757],[122.70683769970015,47.08158319970494],[122.70774329991343,47.07977439956892],[122.70936520024384,47.07874870029235],[122.71103999959632,47.07882480002456],[122.7119748997219,47.07995839996022],[122.71257159989943,47.08251230010262],[122.71559159977255,47.082391299918584],[122.71876749982027,47.07920419971413],[122.72041700034436,47.078348400358436],[122.72318429971574,47.07929060028101],[122.72567759994138,47.07929060028101],[122.7274043998932,47.07822669960257],[122.72883109967552,47.078431200039915],[122.72990220032636,47.08022649955336],[122.73203910012444,47.08083289981852],[122.73360630009074,47.079706400030375],[122.73506150028811,47.07833000022936],[122.73828429998048,47.07827520004048],[122.74287819976917,47.0790715002496],[122.74468959984517,47.07839300043668],[122.74425640001289,47.07744900007134],[122.74503339987155,47.076284799803716],[122.74883239969552,47.07562429992157],[122.75703249995001,47.076470400088965],[122.76083480028592,47.07595250030772],[122.76253319964746,47.074630600321996],[122.7675133996238,47.076354300310754],[122.76974830034385,47.07647130031029],[122.77278959976024,47.07503300017288],[122.77458359975344,47.0735890001323],[122.77680149968955,47.073535100164804],[122.78056999990565,47.07487409985987],[122.78234530029545,47.075753500123994],[122.78272600040464,47.07659610012996],[122.78381820004995,47.07598750012306],[122.78527860012741,47.074661400303455],[122.78783400033888,47.0746071001376],[122.79002270018748,47.07512299982665],[122.79169750043934,47.07452269966291],[122.79393429962829,47.0710809995885],[122.79580869991162,47.07044270037039],[122.79750450023255,47.07107269974534],[122.79826579972689,47.07389540005272],[122.8011043002233,47.07341209988857],[122.80265000009751,47.07241790026592],[122.80317340013232,47.07134860005789],[122.8023438996513,47.069484200235706],[122.80273370000032,47.06858129978718],[122.80373289985346,47.068005499853996],[122.80609139979833,47.06811629992734],[122.80814690015939,47.06794129995109],[122.81012720011029,47.066475100145794],[122.81012720011029,47.06469130026335],[122.81183950029276,47.064108099809005],[122.81376619975038,47.064108099809005],[122.8154760996423,47.064574099715],[122.81721490014763,47.06362650026284],[122.81836740023539,47.0625394995983],[122.81777270015004,47.06201859967871],[122.81838070030915,47.06103500036505],[122.81917570009853,47.06078880016304],[122.82194799970046,47.06178859986403],[122.82316199992647,47.061965799582026],[122.82452830034083,47.06171760018714],[122.82486540041793,47.06039730009536],[122.82708779966231,47.05933190024706],[122.82775500039304,47.05825239992839],[122.82918060030454,47.057335100434614],[122.83191330005877,47.05739149961806],[122.83440649956037,47.05586279962853],[122.8380897998045,47.05564459981849],[122.84031920027098,47.05766970039639],[122.84316379996949,47.05778709969496],[122.8419112997667,47.05545429967623],[122.82344820017431,47.02589420005734],[122.80773160043304,47.015361799807295],[122.79060360017604,47.018074000414856],[122.76590730038163,46.97559739960036],[122.79649350037482,46.938785599575795],[122.8305206000457,46.93907549963467],[122.86205290032115,46.95602039972175],[122.8867035001665,46.95775600043913],[122.88870239989592,46.90265659992218],[122.87521359982782,46.88575739978421],[122.8925171000842,46.853759800174714],[122.88900760012075,46.81573099978584],[122.9290770998283,46.789321899785875],[122.93404880031198,46.78818019965655],[122.93737060007322,46.787667499755344],[122.94067949995906,46.783560699766554],[122.94326429990758,46.78240249977557],[122.94563149989392,46.7794769997638],[122.94721979975407,46.77692030003186],[122.94850889966608,46.7727599004491],[122.95426179984224,46.77238709998471],[122.95948879986827,46.77429109965459],[122.96164030015984,46.77353070038157],[122.96326719982153,46.76952470000498],[122.9689406997536,46.76693730011635],[122.97447590014269,46.76474879991724],[122.98176289983803,46.76263969996222],[122.9922919995762,46.75884170018435],[122.98952680012178,46.755158499765],[122.9913115002256,46.7506642997177],[122.98848720002434,46.74953079960676],[122.9859695002923,46.745799999870144],[122.99033359991574,46.74097060001321],[122.99358330012922,46.73798290019073],[122.99623110028506,46.73384089983773],[123.00002950026123,46.72590249960075],[123.00441889961257,46.72381999979319],[123.00925689968619,46.723378799591956],[123.01305800032651,46.72439429965726],[123.01730099994131,46.72179309967186],[123.02648930044097,46.724658999813016],[123.0298071000177,46.72515989970964],[123.03928810016578,46.731286600396345],[123.04448919971685,46.72799649993857],[123.04695339967975,46.727640499709366],[123.05005520008751,46.731066000295755],[123.05427719963313,46.731951800135505],[123.06133790022398,46.73043430030276],[123.06986190030648,46.73401110013219],[123.07690200012723,46.73241029969563],[123.08296919986878,46.7365579999518],[123.08624329958866,46.73372349963984],[123.08831119980209,46.73584939982999],[123.09304010042035,46.73443669979389],[123.10494049990416,46.731302200036566],[123.10987089992216,46.73405460033956],[123.11321209985863,46.734136899997964],[123.1131258998405,46.7318337002651],[123.11915730026931,46.7321289998535],[123.12182830023596,46.735317899601455],[123.12913210016632,46.73632340010488],[123.13458030014078,46.735672299936766],[123.13923310012751,46.73732569992114],[123.13994139987574,46.739577200327574],[123.14551069985896,46.74272769992348],[123.15441430017984,46.743121100258634],[123.1607299996898,46.74628720039402],[123.16194449993873,46.75029870012497],[123.16534019969049,46.75244060015365],[123.17102689987155,46.75385740019891],[123.17369789983832,46.760645699739314],[123.17197040021381,46.763244799807694],[123.17895379957827,46.76938069965962],[123.17630209996196,46.77264019978543],[123.17916109960515,46.78631589965909],[123.18323410037351,46.79141979958416],[123.19950869976674,46.79629900029869],[123.2073516999211,46.8021697997965],[123.2088927997629,46.806896200299434],[123.21092219999957,46.809749599864176],[123.21499629973948,46.81341550002537],[123.21703339997146,46.81790159987901],[123.22070309976834,46.82401279985089],[123.22161530010612,46.83182230025898],[123.22437290028915,46.84031679988044],[123.2272262998539,46.84520719985244],[123.23317720016769,46.85384369972701],[123.24392699983127,46.85254289963518],[123.25098680020074,46.85636009993874],[123.25265589965011,46.8573873001838],[123.25519670026756,46.85692390021785],[123.25692169977674,46.85718610025839],[123.25551869982814,46.85898489993326],[123.25711800019565,46.85996909999403],[123.25819679994243,46.85975829980572],[123.25887390041021,46.85836919977879],[123.26150950036322,46.85680730041662],[123.2647589002031,46.85693060016712],[123.2647589002031,46.85908959990519],[123.26587829984373,46.859964499961734],[123.26818070007926,46.8594021997518],[123.27007420016423,46.858107399936614],[123.27461470000844,46.857390900169946],[123.2761384995921,46.85796980006626],[123.27739709989635,46.85743190026204],[123.27739709989635,46.855581000163056],[123.27830599972219,46.85421359987777],[123.28068239977301,46.8545886000839],[123.28365459978,46.85817540037448],[123.2824583000106,46.86016219972578],[123.28411289969063,46.86151989992351],[123.28970140019953,46.86337259956588],[123.2942566003619,46.86175749990872],[123.29772150024712,46.85820380006538],[123.29955770002789,46.85858040016541],[123.30139770034361,46.86018169972573],[123.30263700029741,46.8595462000971],[123.30280039991862,46.858428500175194],[123.30228800039094,46.85761069987393],[123.30228800039094,46.85529129975373],[123.30403459981699,46.8551586002892],[123.30504079999298,46.857337500225526],[123.30590430024336,46.85684530037037],[123.30659519990866,46.85471950000499],[123.30814930035001,46.85424709962399],[123.30916879970039,46.8523878996819],[123.3116231997509,46.850349699579],[123.31432920043233,46.85047300022882],[123.31517150006471,46.851740400399194],[123.32235389961284,46.85331230022251],[123.35256959960736,46.8609543001009],[123.37931819997505,46.90355300007093],[123.36225129965783,46.95254900043608],[123.30956270005868,46.96479029963268],[123.31297300030383,47.00622559973169],[123.31727590016271,47.01201029993547],[123.3188207996402,47.011307999564565],[123.32156740021537,47.011307999564565],[123.32276910041367,47.01282960030585],[123.32448570025497,47.01282960030585],[123.32620230009616,47.011659200112035],[123.32620230009616,47.01060570009304],[123.32397069988792,47.008381799880226],[123.3248290002582,47.006391799841765],[123.32620230009616,47.00463589962715],[123.32963549977853,47.00334819995953],[123.33066549961313,47.00194339956829],[123.33169550034711,47.00065560007596],[123.33255379981802,47.00018729970418],[123.33427039965932,47.00065560007596],[123.33427039965932,47.00206050029192],[123.3334121001883,47.002879899587754],[123.33358369982795,47.00416760015469],[123.3351287000296,47.00510410017415],[123.33701700023448,47.004284699978996],[123.34027849955316,47.00276289958822],[123.34113679992345,47.00194339956829],[123.34045019991686,47.000070299704646],[123.33839020024766,46.99983610005603],[123.33890519971521,46.99749459999583],[123.33804690024431,46.99515300011092],[123.34096520028379,46.993396699697996],[123.34594330034315,46.991757500008646],[123.34886160038263,46.99140619963646],[123.35195150006177,46.99093780033928],[123.35366809990296,46.99234290020473],[123.35538469974415,46.99234290020473],[123.3569296999458,46.99140619963646],[123.36207950036874,46.98976690012239],[123.36139290036215,46.98765909968773],[123.35864629978698,46.985317099604515],[123.3598479001605,46.98438020028607],[123.36139290036215,46.983794700265264],[123.36654269988571,46.98496580013165],[123.3699758995682,46.98320920024446],[123.36963259956485,46.980983999611965],[123.37083419993849,46.97934439972431],[123.37237920014002,46.97829029985752],[123.37375249997797,46.97618210012388],[123.37598410018609,46.97524510008134],[123.37821570039432,46.97536229973042],[123.38027560023886,46.97313679962366],[123.38147730043715,46.972434000129056],[123.38182060044039,46.97102840024053],[123.38302219991465,46.97091130041622],[123.38353720028158,46.96868559976065],[123.38113389970977,46.9678655997177],[123.37804400003063,46.9679828002661],[123.37770070002739,46.96704559967475],[123.37821570039432,46.965639899961445],[123.38010399969994,46.96481980009378],[123.38010399969994,46.963296800007356],[123.38010399969994,46.961656600271965],[123.38285049955095,46.959899199988115],[123.38473879975584,46.96025070000985],[123.38508209975919,46.96247670013963],[123.38594040012947,46.963296800007356],[123.38800039979867,46.9630624996347],[123.38920200017219,46.96177370009622],[123.39091860001349,46.96083650040424],[123.39160529984474,46.958610400449686],[123.39263519985468,46.95931339959378],[123.39194859984809,46.96036789965888],[123.39383690005297,46.962828100336594],[123.39400849969252,46.96411689987508],[123.39555349989416,46.964468399896816],[123.39675510026768,46.96411689987508],[123.39812840010563,46.964351200247734],[123.398815099937,46.965288399939766],[123.40036000031387,46.965288399939766],[123.40139000014847,46.96481980009378],[123.40241990015829,46.96247670013963],[123.40327819962931,46.959782100163864],[123.40293489962596,46.958961899572046],[123.40430820036318,46.95755600020931],[123.4061964996688,46.95755600020931],[123.40739810004231,46.95779029968264],[123.40739810004231,46.958961899572046],[123.40808479987368,46.9600163996372],[123.40962970025055,46.9600163996372],[123.41014469971822,46.95943060014213],[123.41014469971822,46.957438799660906],[123.4108312997248,46.95685300016589],[123.41065970008515,46.955681299552396],[123.4082564004126,46.955681299552396],[123.40688309967538,46.955212599881634],[123.40636820003249,46.954040900167456],[123.40739810004231,46.953572199597374],[123.40859970041595,46.953689300321],[123.4120329999231,46.954157999991764],[123.41512289960224,46.95345499994835],[123.416667799979,46.9522832004094],[123.41580949960883,46.94923649966478],[123.41615279961206,46.94865060034499],[123.41804109981695,46.94865060034499],[123.41872779964831,46.94958810041055],[123.4178695001774,46.95064270030042],[123.41821280018064,46.951462999817636],[123.41992940002183,46.95134580016861],[123.42130269985978,46.95040839992777],[123.4225043002333,46.95052559957679],[123.42130269985978,46.951462999817636],[123.42130269985978,46.952517599707505],[123.4237060004316,46.95240040005848],[123.42507920044477,46.95087709959853],[123.4252508999092,46.94993960043229],[123.42731079975363,46.95052559957679],[123.42645250028272,46.952517599707505],[123.42731079975363,46.95298630027759],[123.42868409959158,46.95263480025591],[123.42885579995527,46.95111149979596],[123.43022909979322,46.95052559957679],[123.43125909962782,46.95158020036598],[123.4310874001635,46.952166099685826],[123.43022909979322,46.953572199597374],[123.43177400016998,46.954157999991764],[123.43160239963106,46.95509540023261],[123.42954239996186,46.955681299552396],[123.42902750031897,46.95638429959581],[123.43074410016015,46.958024600055296],[123.43091569979981,46.95884479974774],[123.43022909979322,46.95931339959378],[123.42833980044145,46.9595199999481],[123.4279389995852,46.95990689998348],[123.42861490035739,46.96037320026301],[123.43040070033214,46.96060220003159],[123.43194569963441,46.9600163996372],[123.43331900037163,46.95907910012045],[123.43349060001128,46.95755600020931],[123.43400520017985,46.956970699837996],[123.43510330027709,46.9573920996657],[123.43589389968383,46.958610400449686],[123.43795380042764,46.95884479974774],[123.43932710026547,46.95708729963923],[123.4405287995645,46.9569700999902],[123.44173039993802,46.95767310003362],[123.44190210030172,46.95872760009871],[123.44087209956786,46.959899199988115],[123.44087209956786,46.96083650040424],[123.44107710002822,46.9618908997453],[123.44344699977933,46.962008100293644],[123.44688020036097,46.96118800042592],[123.44791020019568,46.96212520011795],[123.44979850040056,46.961656600271965],[123.45100009987482,46.960485000382505],[123.45185840024499,46.95814179970432],[123.4544332995572,46.95720450018757],[123.4544332995572,46.95650150014416],[123.4537466995506,46.956032799574075],[123.45134339987806,46.956032799574075],[123.45082840041039,46.955212599881634],[123.45134339987806,46.95392369961911],[123.45100009987482,46.95263480025591],[123.45254510007635,46.951462999817636],[123.45408999955384,46.951462999817636],[123.45512000028782,46.952517599707505],[123.45408999955384,46.953689300321],[123.45408999955384,46.95450959983822],[123.45546330029117,46.954978199684206],[123.45735159959668,46.954978199684206],[123.45820989996696,46.95474390021087],[123.45872490033389,46.95240040005848],[123.46078480017843,46.95204890003674],[123.4633597003899,46.95275190008016],[123.46421799986092,46.95158020036598],[123.46215810001638,46.949470899862206],[123.46363290003842,46.948317000429256],[123.46689450008114,46.94843420007834],[123.46964109975704,46.949371600319125],[123.46843939955875,46.95276980018616],[123.46843939955875,46.953707200427004],[123.46998439976028,46.953590099703376],[123.4701560002992,46.951832399945374],[123.47101439959488,46.950074700187315],[123.4729025999751,46.950074700187315],[123.47324589997834,46.950777800055505],[123.47667920038486,46.95300420038359],[123.47805250022282,46.954761800316874],[123.48062740043429,46.95558200000937],[123.48148569990519,46.95429309974679],[123.48011240006724,46.95300420038359],[123.47942580006065,46.9519495995944],[123.48028410043094,46.950777800055505],[123.48457559958433,46.95089499970453],[123.48560560031831,46.95148089992364],[123.48560560031831,46.95265270036191],[123.4844039001199,46.95405880027346],[123.48697890015615,46.95534769963666],[123.48869549999733,46.95394159972511],[123.48800880016609,46.951832399945374],[123.48921050036438,46.95124649972621],[123.49006879983529,46.95148089992364],[123.49092710020557,46.952301099616136],[123.49264370004676,46.952066800142745],[123.49264370004676,46.95124649972621],[123.49161370021216,46.95042630003377],[123.49161370021216,46.94960599961723],[123.49350200041704,46.9489028997491],[123.49453200025164,46.94984039981466],[123.49985350013901,46.94948879996821],[123.50071179960992,46.95019189983634],[123.50019680014225,46.95148089992364],[123.49779349957043,46.952066800142745],[123.49710689956385,46.95253549981351],[123.49865179994072,46.95288699983524],[123.50105509961327,46.95218399979183],[123.50191339998344,46.95124649972621],[123.50551830002962,46.94984039981466],[123.50877990007234,46.949723200165636],[123.51049649991364,46.94843420007834],[123.51221309975483,46.94843420007834],[123.51238470029375,46.94913729994647],[123.51135480028393,46.95019189983634],[123.50963820044262,46.951012200252876],[123.50963820044262,46.9519495995944],[123.51152639992347,46.95241830016448],[123.5147879999663,46.95218399979183],[123.51616129980425,46.95218399979183],[123.51633300016783,46.95300420038359],[123.51684789981084,46.95511330033861],[123.51804960000914,46.95605069968008],[123.51959450038589,46.95675369972349],[123.52186270030347,46.95763529972936],[123.52719130033836,46.959574899961694],[123.53012079963526,46.96394389999102],[123.5310133003236,46.970718400333965],[123.53408079968926,46.9787904002568],[123.54434179983423,46.98988740028335],[123.55087279973998,46.99908439992515],[123.55510729986202,47.00460439997312],[123.56493379975507,47.01656740036526],[123.5721588001885,47.02394089955294],[123.58138280017613,47.02746940039259],[123.57495130036227,47.031299399847455],[123.56848880001814,47.03695289975656],[123.55960080023681,47.04692840022557],[123.55513780036927,47.052597399950116],[123.54744680002989,47.06920240037056],[123.5470583001005,47.0726243998962],[123.5415268004216,47.081710899838185],[123.5306317998178,47.090522899712084],[123.52216329959663,47.099704899561516],[123.5200422998123,47.10348140014656],[123.53005230007363,47.109393900308305],[123.53124230009212,47.1138878998068],[123.52150679989893,47.122237899959146],[123.53365329976009,47.12438239992787],[123.5381392997889,47.12884139961096],[123.53495779966283,47.134879900187286],[123.5307768002092,47.138137900243976],[123.5415268004216,47.15253040025783],[123.53991679992043,47.16667939983449],[123.53874179969432,47.175349900377626],[123.53761279979096,47.181960900375316],[123.53510280005423,47.19039139974336],[123.52693930040846,47.19557190032299],[123.52545180016057,47.20309440008657],[123.52198729957433,47.20854190038847],[123.53128030004586,47.21456890043447],[123.53688030018577,47.220104400297885],[123.53678830043975,47.225127899932716],[123.53630779986509,47.232890899995084],[123.53072330044006,47.24402990015983],[123.52327729970773,47.24624639985154],[123.5121383004423,47.248653400234275],[123.49733729957677,47.24874489995722],[123.47783679962868,47.249702400045805],[123.47277830017845,47.25033939974355],[123.46849080031029,47.26285939974156],[123.46803279987387,47.269023899833144],[123.47122929979241,47.27704990033271],[123.47383879962092,47.28095639971815],[123.47133630023018,47.28778439983023],[123.46826929998826,47.29026790014353],[123.4620972995508,47.29569240028411],[123.45491029997038,47.30178439973031],[123.44534280033008,47.30900189981787],[123.43875130033234,47.31853090038078],[123.4376067997141,47.32491689989507],[123.43816380021929,47.33017340038219],[123.44830330015725,47.32890290024869],[123.45578779996708,47.32463839964248],[123.46395879995873,47.31991889963757],[123.47242730017979,47.31748940001586],[123.47749329997589,47.316852400318055],[123.48928080036876,47.316055400436426],[123.5027462999019,47.31572340041464],[123.5115128003755,47.31489189984137],[123.52197279980498,47.31384640019127],[123.53102129979322,47.31575790020696],[123.54331980036852,47.32363490013057],[123.5492782999537,47.32894490038689]]]]}},{"type":"Feature","properties":{"regionCode":"230223","regionName":"依安县","sourceFeatureName":"Yi'an County","sourceFeatureId":"62558664B53755541107470"},"geometry":{"type":"MultiPolygon","coordinates":[[[[124.88186630008977,48.024272900274184],[124.88783280004373,48.02586339987607],[124.90348829984521,48.0252229000169],[124.91567979998285,48.020362899828],[124.92334730013783,48.01454140026544],[124.92417130036529,48.00877389959584],[124.9211888004229,48.00000740002156],[124.91654979963357,47.987064400301904],[124.91718280004625,47.979072399571635],[124.92327879967695,47.974715900118724],[124.92666630030953,47.97151540001573],[124.92833730002644,47.967853400214324],[124.92932130043778,47.96100239994087],[124.93129729983059,47.95186989967618],[124.93363179956793,47.943874399683864],[124.93462380034816,47.93953390006948],[124.93623329992693,47.9249188996875],[124.93618030018081,47.91921240003228],[124.93206029994292,47.913059399571694],[124.92624679984999,47.9096528998615],[124.91842629983398,47.91036240020463],[124.91397829975881,47.906490399712254],[124.91531380019183,47.902377899820294],[124.91731279974601,47.895751900030234],[124.9152528000767,47.892104900021195],[124.91045380000298,47.88686740041027],[124.90804280033501,47.881854900383416],[124.90766830015195,47.877055900309585],[124.9090118000546,47.87408439997512],[124.91642780030281,47.87443539997378],[124.93205279959705,47.877204899986225],[124.94802829976629,47.88065639997291],[124.96945180026046,47.88206490017507],[124.97775279995187,47.88254139966591],[124.99102030024676,47.87905890004828],[125.00131230002273,47.87502290008683],[125.00810979962762,47.8721159000288],[125.0164108002183,47.86873639976511],[125.02558130043678,47.867332399770476],[125.03031930039549,47.8652608995709],[125.03366079980617,47.858627400334285],[125.03530129991509,47.85154740029236],[125.03658979997931,47.84332239960912],[125.03587330021264,47.839214399924685],[125.03447729968764,47.83510990040162],[125.03172280036699,47.8296393999384],[125.03031930039549,47.825309899931995],[125.025192299585,47.821674399553956],[125.02176679989793,47.8189468996797],[125.01834080018784,47.81507890027109],[125.01283279979396,47.810035899737045],[125.00540179975337,47.80969590024563],[124.99520129970028,47.80616390014393],[124.98755629968355,47.80933389973973],[124.97865230006369,47.809520900269376],[124.97334279983045,47.81489189974144],[124.95549779978364,47.81451789958146],[124.9512713000305,47.81258789961191],[124.94515979968503,47.81236690021234],[124.9421002997891,47.81305290037113],[124.93904880026196,47.812827899887736],[124.93190780010491,47.80964289960019],[124.92648329996439,47.80850990041165],[124.92713180019246,47.80303189960256],[124.92746730037572,47.79938140033141],[124.92542279962254,47.795276399886006],[124.92236329972661,47.79300290026367],[124.91998279966651,47.79095090006405],[124.91622930014216,47.78799040023682],[124.91249829985668,47.78662490021901],[124.9057008002518,47.78321090016294],[124.9012832997845,47.78138739970876],[124.89790330039705,47.7802543996209],[124.8941573003192,47.77956790033841],[124.88329330024567,47.775928399775864],[124.87989780014345,47.77433389998953],[124.87322229986933,47.76893240001033],[124.86971279990587,47.76521690043967],[124.86766029968317,47.76202389978317],[124.86054279971052,47.762943399918015],[124.85172280036704,47.76203540031355],[124.84832780028785,47.76203540031355],[124.84459680000236,47.758384900143085],[124.84425330034958,47.75542040013141],[124.84288780033182,47.751540900192424],[124.84187330031261,47.74812289995191],[124.83576179996714,47.74721140018602],[124.83135980021473,47.74812289995191],[124.82729329974609,47.74949640033867],[124.8238982996669,47.75086190035648],[124.81948780042171,47.75268940009579],[124.8154217999762,47.75314689960976],[124.81136379989948,47.754062399560155],[124.80796030032764,47.75223539984387],[124.80490879990123,47.751094900309454],[124.80185680035117,47.74881340031823],[124.81355280012167,47.743942399622085],[124.82234179983425,47.739360899685835],[124.83247380032572,47.72929390039326],[124.84732830006101,47.717849899653174],[124.84764929957555,47.713966400429115],[124.84863279996387,47.706886400387134],[124.8523177999266,47.70003139992923],[124.86518079955431,47.69703290014826],[124.8726197999639,47.6933628999779],[124.87732680029171,47.68946840024654],[124.88578029982102,47.684428899873865],[124.89589679959772,47.67686840015659],[124.9036637998446,47.6713674000855],[124.92896280009325,47.65645989970466],[124.93701930020063,47.64685039992605],[124.94106279960863,47.642040400244355],[124.9454192999608,47.63700490005613],[124.94876879974038,47.63174440028388],[124.95313280043842,47.62647990032718],[124.95850379991055,47.621440899977586],[124.96489729977066,47.61571490032247],[124.9743192998958,47.60928739979374],[124.98004929973547,47.60630039964377],[124.98612280012719,47.603771399930224],[124.99185179992071,47.60147089996212],[124.99482730043962,47.59392540003722],[124.9971388000157,47.58569690009193],[124.99846630007971,47.58226390005899],[124.98919679979258,47.56540290042358],[124.99578080034371,47.54300289986401],[124.99672679990192,47.53432439985124],[124.99833680040308,47.525184400140006],[124.99996179979723,47.516269400012845],[125.00193029974355,47.50850289978905],[125.00393679964361,47.5059853997065],[125.00959779989864,47.49705489976384],[125.01225280002677,47.49111189999422],[125.01390829992818,47.48676690017237],[125.01624279966552,47.48378740036827],[125.01859330014076,47.480815900033804],[125.01886730018578,47.474643899596344],[125.01883679967864,47.4712219000707],[125.02456680041757,47.4711993999324],[125.0276182999446,47.47187439958395],[125.03370680012881,47.47368240022263],[125.03878779971728,47.47525790003209],[125.04210679988898,47.46930689989358],[125.04474630020161,47.46221940040505],[125.04773729963676,47.45695490044835],[125.05137630017623,47.44871890015719],[125.05336780028381,47.44574739982272],[125.05325330039955,47.432960400102445],[125.0634762996915,47.4075739003153],[125.05972280016715,47.401878400268004],[125.06133279976893,47.39387890009124],[125.06363729992154,47.38906840038641],[125.06897729976265,47.383342899854995],[125.07334929993033,47.38150040032326],[125.08040629981099,47.38010039961381],[125.08647129981068,47.38007340016736],[125.09626730009586,47.382545899973366],[125.10875679958667,47.38545990035419],[125.12156680036765,47.38563140016902],[125.12931079955376,47.38491440037933],[125.13807680000434,47.385330399778184],[125.14412680021178,47.38370140019953],[125.14708730003895,47.37775040006096],[125.15242779990308,47.37269990008036],[125.16455029955671,47.372417399643325],[125.1874618003219,47.37252790024246],[125.26638030011077,47.37964240007676],[125.29773730003637,47.38151540011569],[125.3071662995851,47.38123339970167],[125.31175229972894,47.371387399808725],[125.31199630018921,47.364761400018665],[125.31018780042666,47.35540790035435],[125.31213380023473,47.349231899732445],[125.31566630035957,47.337791400053106],[125.31694029975506,47.33253090028086],[125.31790180002815,47.328639899811606],[125.31984729981309,47.324062400059745],[125.32380679984396,47.31787089962239],[125.32572180002114,47.31032190043538],[125.32765980035958,47.304374399558924],[125.32926929993835,47.29956439987723],[125.33023879968096,47.296821400187525],[125.32948279989137,47.29043189961254],[125.32908629959309,47.2867814003414],[125.32721729973866,47.28074639992644],[125.34705329986991,47.280624399696364],[125.35782630024357,47.28123890015519],[125.37767780019044,47.28202040022137],[125.39179980032054,47.28147190010816],[125.41298679980105,47.28178390010697],[125.44062780013292,47.28546890006976],[125.5073167998305,47.291374399908705],[125.55756380032915,47.29759589993091],[125.5554733001527,47.305702399646066],[125.55522130022291,47.31072990036466],[125.55326830009199,47.314395900350576],[125.55135329991492,47.31943839996222],[125.55818930039595,47.32600389966029],[125.56572729997492,47.333022899587206],[125.56780979978248,47.33643340038117],[125.56790180042776,47.34122440008605],[125.56366730030572,47.34902590012524],[125.56005880027351,47.354080400290286],[125.55477879960199,47.360065400198096],[125.5538178002513,47.36281190004922],[125.5582273003497,47.364375900227685],[125.56463630002531,47.36545939983148],[125.57276930006321,47.36767939968462],[125.57785029965169,47.36923590041653],[125.58100130016987,47.37537390018542],[125.57898729992405,47.39411940039008],[125.58148930019115,47.40163439980773],[125.5886532996102,47.406139399813526],[125.59007280031949,47.410011400305905],[125.58844730000294,47.41321939985545],[125.58650130019487,47.41735089972428],[125.58351880025248,47.419887399783704],[125.58326730034571,47.42422840032049],[125.58535779962278,47.427863899799206],[125.58846279981844,47.431491399808294],[125.59570330006727,47.439422400423496],[125.59397829965883,47.45565389980766],[125.59545879958398,47.462722900241715],[125.59722880026902,47.4670408997178],[125.60131079965379,47.468379900312186],[125.6091003000389,47.47013839956753],[125.6182022997964,47.46937540035452],[125.62801379989696,47.47066090028039],[125.63655830002563,47.475837899799274],[125.6396712996908,47.479690400291815],[125.63939679962266,47.48289090039481],[125.6387863002476,47.48632439955145],[125.63749680013723,47.48952839981587],[125.63760379967573,47.49455240037304],[125.64073180003265,47.499091900171095],[125.64491280038544,47.50567990000741],[125.64978780036677,47.513171900163115],[125.6495437999065,47.517284400055075],[125.65099330020075,47.52252639987353],[125.65014629981192,47.530978900256116],[125.64752180019104,47.53488539964155],[125.64353929999879,47.53834540002026],[125.63520829982326,47.544360900435265],[125.63329329964608,47.54962939967709],[125.63607780035022,47.55393989970668],[125.64125079968471,47.55914689970973],[125.65213029957374,47.56224439955946],[125.6542972996807,47.569076399856044],[125.64927680018423,47.57186489984531],[125.64253230032546,47.57260889998082],[125.63713829979281,47.5735704002538],[125.6324767997645,47.57726289966314],[125.63226329981148,47.583205900332075],[125.64012129975822,47.58724589957865],[125.63954930035993,47.59249889990434],[125.64035030042612,47.598888399580005],[125.63977029975956,47.603687399653836],[125.63719179956195,47.61033240032009],[125.637626799837,47.615352399793494],[125.63806180011204,47.61991889993732],[125.63613879956597,47.62541589982396],[125.63218679988097,47.6313858999394],[125.62651830017944,47.63531889964753],[125.61844630025666,47.6378973998452],[125.60392779982817,47.64007589958317],[125.59687029992449,47.64287940026418],[125.59153730040612,47.64726240003978],[125.59175879982877,47.658904900041136],[125.58782179993614,47.665332899693624],[125.58284779988617,47.671081400386356],[125.58025379987305,47.677039899971476],[125.58070379994047,47.683200899901635],[125.58216079968122,47.68866740018041],[125.57988730005889,47.69370989979211],[125.57414230042684,47.694900399833614],[125.56601729985857,47.69519790006308],[125.56987779982069,47.70224390033576],[125.57441729961874,47.709281900239546],[125.57338729978414,47.72710039996355],[125.57177730018236,47.73167739969227],[125.56947330005278,47.73466890004977],[125.56620030020372,47.74131790000115],[125.56260679996387,47.749107400386265],[125.56139379978413,47.75642789982777],[125.56524630027661,47.76346939989293],[125.56838980044904,47.76800889969104],[125.57324230029201,47.77321939985546],[125.57301329962411,47.77916339967123],[125.56848130017192,47.79106890010968],[125.56314080030779,47.7959099003217],[125.55737229959198,47.79618440038985],[125.54714980032304,47.79444140005063],[125.5383298000803,47.794738900280095],[125.51860030036369,47.792838899895344],[125.51394629978199,47.79880890001078],[125.50866630000985,47.80707139972537],[125.50406630011969,47.8160134001983],[125.50211329998888,47.82081989971863],[125.49912279967748,47.824493400050414],[125.50422680032659,47.82559939979251],[125.51376330033611,47.825752399653595],[125.51920330029213,47.826164399767265],[125.52702330028512,47.82702239976402],[125.53520179972338,47.82809839992126],[125.54337329973805,47.82871639964219],[125.5539092999743,47.82954390003101],[125.56648229971847,47.8294448999622],[125.57805680018123,47.83071490007262],[125.58759280016761,47.83200840036744],[125.60193579969746,47.8355408995929],[125.60739879981486,47.83686440037184],[125.62132279980744,47.83651340037318],[125.63221730038822,47.837791399953176],[125.64143380002986,47.83953490031547],[125.65302230023906,47.84148839957004],[125.66288730010888,47.841857900421815],[125.67072279991737,47.8424718999583],[125.68872830017096,47.84230789958997],[125.70169830023644,47.84492489976435],[125.69777680015932,47.85295440042529],[125.69718930004626,47.85683839967248],[125.69692979977049,47.860496400188765],[125.69706729981613,47.867343900300796],[125.69194029990501,47.87632389982815],[125.67237080037216,47.87751790003114],[125.66364279987533,47.880759900249245],[125.65126029992291,47.89762089988466],[125.64566029978312,47.89979939962262],[125.64314279970051,47.90380089979175],[125.63979329992094,47.908149899798104],[125.6359632995667,47.91212839980585],[125.62983680032812,47.91285690012592],[125.62573980025161,47.911514400269425],[125.62197880038138,47.90994639990646],[125.61920180002312,47.906539900196265],[125.61711880019254,47.90404490025202],[125.61467730001743,47.899959399806505],[125.61225129965783,47.89701089963336],[125.60848230031797,47.8952099002168],[125.60336279985336,47.89387489980686],[125.60031879977282,47.89480939973407],[125.59287279993987,47.89736939997789],[125.58914179965439,47.898078400298004],[125.58303829967781,47.89926139999369],[125.57044229977237,47.90879039965728],[125.56736730006094,47.91337589977803],[125.56797780033526,47.923877900244975],[125.57314280020012,47.93575640033765],[125.57182329960563,47.94332140026245],[125.56358330002934,47.947727400199426],[125.55541230003769,47.94779189957654],[125.54414380019625,47.945602400230655],[125.53491229986287,47.94384740023736],[125.52778630039745,47.94527090023189],[125.51864629978695,47.94831090012798],[125.51497629961659,47.95244590015824],[125.51510630021562,47.96020890022061],[125.51455630003329,47.96797190028303],[125.51431279959604,47.972770400333786],[125.50856029961824,47.97509739972526],[125.4891432999234,47.97524240011671],[125.48130029976903,47.97484990000294],[125.47174829994412,47.97400289961416],[125.46701029998542,47.976093399790614],[125.4633103002302,47.97886289980306],[125.46103679970861,47.98549639993894],[125.4615097999374,47.99325589983994],[125.46372979979049,48.00000740002156],[125.46157080005241,48.00978839961499],[125.45974729959823,48.01858889985789],[125.45765680032116,48.028091400098106],[125.4556503004211,48.03506439970232],[125.45533730037619,48.0419653995836],[125.45303330024672,48.049407900154506],[125.45094280007027,48.05226140044334],[125.44451130025641,48.05301640018678],[125.43660729998692,48.05268840034944],[125.42182179983627,48.051990399637305],[125.40731029973063,48.05059039982717],[125.39665979961012,48.05016339992102],[125.38269779966379,48.05079240014919],[125.37342830027592,48.05052540042692],[125.34951029986053,48.047481400346385],[125.33968329994445,48.04838189960503],[125.32303630028514,48.04959089960039],[125.28533179992269,48.04875939992644],[125.27545180026038,48.049194400201486],[125.26923380039966,48.04855789962744],[125.23525980029956,48.04753890030008],[125.22280179956351,48.049457399739254],[125.21228029999588,48.05038090005854],[125.20469680011729,48.04980090029136],[125.19895179958598,48.05051039973523],[125.18212879990426,48.05330640007037],[125.17311080042316,48.052093399890566],[125.16188029963621,48.04914489971742],[125.14874279994035,48.04764939999984],[125.13670279959456,48.047023899933095],[125.12777779990563,48.0467224004185],[125.11985030035112,48.04958740033828],[125.1140287998893,48.05304689979465],[125.10574330001339,48.05569839976141],[125.09367380010588,48.05828090014347],[125.08500679972406,48.06071489997271],[125.07727830035333,48.062190899690336],[125.07035829959591,48.061340400039455],[125.06342329994538,48.05681990021827],[125.05355830007557,48.053802399561164],[125.04045880033345,48.05274939956519],[125.0288773004471,48.05323789960943],[125.0241467999349,48.05389790036787],[125.01541830031442,48.05197139966043],[125.00463879964093,48.050132900313145],[124.99011229974292,48.048450400065974],[124.97367880003662,48.04822140029745],[124.96373730023629,48.047946900229306],[124.94046029970309,48.04776740004553],[124.92874880011709,48.04687890044096],[124.91364279957565,48.04612739995957],[124.89215080041913,48.04677940034912],[124.88276680024774,48.0451009002864],[124.87921129996164,48.03997440039831],[124.88182079979015,48.027484900008176],[124.88186630008977,48.024272900274184]]]]}},{"type":"Feature","properties":{"regionCode":"230224","regionName":"泰来县","sourceFeatureName":"Tailai County","sourceFeatureId":"62558664B3570583361241"},"geometry":{"type":"MultiPolygon","coordinates":[[[[123.66409280034247,47.1065254002271],[123.6551978002384,47.097087400263376],[123.64627079955778,47.08970239964606],[123.63867179986369,47.083698399761374],[123.6331327998389,47.07497390032529],[123.63323930025354,47.06834789963591],[123.63269030011736,47.0612639003088],[123.62909679987752,47.05575189973047],[123.62615179986574,47.05207039992905],[123.62190229995122,47.04609689965224],[123.61702729997,47.037597399800234],[123.6141127995661,47.03209689975216],[123.60949679983753,47.02725590043951],[123.60253880002563,47.02376939973806],[123.59184279960562,47.02299540001775],[123.58844730040266,47.025702899868975],[123.58138280017613,47.02746940039259],[123.5721588001885,47.02394089955294],[123.56493379975507,47.01656740036526],[123.55510729986202,47.00460439997312],[123.55087279973998,46.99908439992515],[123.54434179983423,46.98988740028335],[123.53408079968926,46.9787904002568],[123.5310133003236,46.970718400333965],[123.53012079963526,46.96394389999102],[123.52719130033836,46.959574899961694],[123.52186270030347,46.95763529972936],[123.52154760034159,46.9546012002852],[123.52210290022867,46.95296180004709],[123.52039110006922,46.941276299861386],[123.51902550022669,46.92507339981762],[123.50825009956247,46.911755300067114],[123.49951709973448,46.89268489998818],[123.48358780043668,46.88039339973568],[123.47973959960291,46.875132399940355],[123.47730380023029,46.86799580016611],[123.47695850013474,46.856072299796836],[123.4790343998178,46.83879739978022],[123.48759460031067,46.829833900114465],[123.49606569957245,46.825366300214625],[123.51827880032647,46.823810500054606],[123.52351090040781,46.82619710021606],[123.52982729959024,46.82699319987631],[123.53545420025125,46.82676670022312],[123.54185659980226,46.82457639958125],[123.54936080016091,46.82194930002021],[123.55374749974737,46.82182429965178],[123.5582655003526,46.822937199891896],[123.56379420044209,46.82610999997655],[123.56611089989815,46.82988970034944],[123.56991549980057,46.8427848003783],[123.56939240013924,46.85125119978312],[123.56273620021557,46.862338600446094],[123.56384210013289,46.865255299692365],[123.57087519963079,46.87029830022641],[123.57283730000142,46.8750537002681],[123.57161909994159,46.88694860039766],[123.56837780029537,46.891495499817495],[123.56852029967217,46.89295680011628],[123.57095800021159,46.89441429988011],[123.5743526999172,46.895077100228036],[123.58137570002862,46.89530559997354],[123.59013119999497,46.8934647003357],[123.59497509962125,46.89163840029198],[123.60163369983547,46.887201700198375],[123.6031108003233,46.881817299928514],[123.6004493997201,46.876246099677815],[123.59253100040542,46.86918539998629],[123.59109499983447,46.864521800041075],[123.59342329964568,46.85888859962921],[123.60242830032587,46.8536966003179],[123.61237349993712,46.85158589956967],[123.61933759985038,46.84727660013505],[123.62041259996158,46.84454550027465],[123.61376889971507,46.837956100193935],[123.60879860037517,46.83523599994152],[123.59600520017989,46.83290210005191],[123.57514929960053,46.82654700034385],[123.57514929960053,46.82157450036294],[123.57957750020148,46.815635200404245],[123.58931420009037,46.81054659974586],[123.59766270017349,46.810670799717684],[123.60092719963063,46.81255230014858],[123.60599070021067,46.81266410026808],[123.62838390009699,46.811485199682295],[123.63656059999175,46.81303300037274],[123.61718749980332,46.72258000016694],[123.58889769976906,46.68665700012053],[123.39237979958818,46.67975240025311],[123.27097320025302,46.6587562998634],[123.26244350026741,46.611534099818925],[123.21723180030745,46.587669400422556],[123.19563289963867,46.58969500012421],[123.17488100025798,46.610263800234236],[123.07821660031595,46.602172900159246],[123.0696182002198,46.61372760024858],[123.0459670997019,46.61707309984371],[123.044006299751,46.57975770015781],[122.99820709967798,46.56952669959759],[123.00505070032966,46.526382399827924],[122.98362729966027,46.49908830038481],[123.00418849959965,46.47420500006075],[122.99928280036102,46.448974600097756],[123.0120163003121,46.41894910042072],[123.10517120029067,46.333476999863706],[123.17104339973321,46.24668119977758],[123.17920719975257,46.24703229960102],[123.18384480029738,46.249341399785806],[123.19998399956194,46.25678119969268],[123.21046509978464,46.26473309965286],[123.21856689964272,46.26944729995296],[123.22345059966551,46.270824400325864],[123.23935700042534,46.27014920012556],[123.2562853997515,46.267362100380694],[123.26407669968,46.26043670009369],[123.28123619959104,46.251971100186154],[123.28806300000747,46.24923710001218],[123.3047027996945,46.24844339974317],[123.31462750015908,46.25049589996587],[123.31906890010976,46.24981690012987],[123.34208250000745,46.2368324002951],[123.34931730035316,46.23150730042164],[123.360726000005,46.22021359977788],[123.36726379968468,46.21903989997145],[123.3776072002122,46.22258799973645],[123.38827379999589,46.23522849989541],[123.39324949976469,46.238056200433334],[123.3978275004389,46.23933450038692],[123.40404200013825,46.23882119973865],[123.41981009955646,46.23490770003036],[123.44049410012269,46.231763900383726],[123.4507828002861,46.23247909973071],[123.467670900092,46.236254999568644],[123.48047090041177,46.24953379984504],[123.48844769990149,46.25280490032594],[123.50250240016567,46.25378040034525],[123.51145059966552,46.25081660000615],[123.51961300033975,46.24363249984003],[123.52925930037645,46.2390136996226],[123.5364940998229,46.23388120035719],[123.55560139998465,46.23099399977332],[123.56701659993621,46.22695920040684],[123.58713759972056,46.23105809985145],[123.59233179967293,46.235613499663316],[123.59882459997539,46.24401739978322],[123.60592650030776,46.247184800338346],[123.63676079987113,46.24966209982608],[123.65699819980716,46.252818900072214],[123.6779399002063,46.250195399598056],[123.68694230004712,46.250232699879234],[123.70168830017496,46.25216350024539],[123.72320719985248,46.253382099604266],[123.74630279993437,46.256268200317265],[123.77435299989111,46.262466399804566],[123.7918448001974,46.26774679977507],[123.80854049994423,46.27415840028999],[123.82335610040377,46.286749700338476],[123.8416944001765,46.299174599728076],[123.84284969985379,46.29995730038917],[123.83722680027665,46.30749889995434],[123.8380127996511,46.312480900373316],[123.84298679970107,46.31577290019925],[123.84828929961157,46.31908039984063],[123.85492679993195,46.32326140019353],[123.86020679970409,46.327053399694705],[123.8633497998535,46.33215340015937],[123.86155679990645,46.33668140032643],[123.85665130031737,46.33888640038714],[123.84847279997985,46.34334940025468],[123.84683279989383,46.35011690027477],[123.84792329982054,46.36022190042041],[123.84385680025116,46.36441040021987],[123.84117879996177,46.36826689999748],[123.83982829973627,46.371650400445674],[123.83953080040612,46.375034400017626],[123.84004229971242,46.378310900028055],[123.84506230008515,46.3863563996282],[123.84731329956924,46.39128040007046],[123.84755680000637,46.39668340011889],[123.84813679977356,46.402393399935534],[123.84999079983561,46.406986400402104],[123.85349280035257,46.414069899706135],[123.85260029966412,46.423499900200284],[123.84839630004922,46.429446900154346],[123.84417729974268,46.434531899927265],[123.83573930002876,46.43909890009422],[123.82621779981173,46.44308490044784],[123.82308179998518,46.447582400107706],[123.82382179993613,46.45315189974042],[123.82618730020386,46.460052399598624],[123.82541629972252,46.46758639989247],[123.82303629968555,46.47237040017387],[123.82000730029677,46.476005399629514],[123.81398779969732,46.47883989994148],[123.8077393002286,46.48201389972172],[123.80581679970555,46.485618399569546],[123.80787630025111,46.49054690021933],[123.81112679996193,46.49536190013163],[123.81514730010792,46.49990490009111],[123.81552879971434,46.5056649004149],[123.81224830041879,46.51021940000538],[123.80889130029334,46.51293940043303],[123.8062208003497,46.51451890042699],[123.80053729995655,46.516994400371345],[123.79189279971297,46.519904899691426],[123.78650729957224,46.523921899676],[123.78692630000876,46.52909840007118],[123.7992173002383,46.53527839997821],[123.80796029962823,46.539325899570656],[123.81308730043861,46.5456354000537],[123.81568129955235,46.55237589972802],[123.81609329966614,46.56045890015815],[123.81575780038224,46.56896190017159],[123.81331630020713,46.57762540039198],[123.80561030007539,46.58259940044201],[123.79360979975252,46.585941399875765],[123.7799607998511,46.58562839983085],[123.77690880030093,46.58676540010316],[123.77562729966019,46.58969889958462],[123.77716080023083,46.594287399843665],[123.78070079980216,46.59860240008078],[123.78189079982064,46.60498040012544],[123.77902229973938,46.61045439985071],[123.77056880021007,46.617763399661214],[123.76516730023081,46.623206899778666],[123.75843029981854,46.62978339998398],[123.75295229990877,46.63700490025599],[123.76354980028316,46.643070400278816],[123.76940929979946,46.65179439969182],[123.77262879987927,46.659129899825075],[123.77680980023217,46.668750900134],[123.77841929981093,46.67264539986536],[123.7850038003852,46.67749040026183],[123.78990179962841,46.683692900307165],[123.79268630033255,46.69787589965313],[123.79524230039192,46.705661899876816],[123.79781380026668,46.71321840030896],[123.80200930038893,46.7219273999296],[123.80827329967315,46.72699739991015],[123.8188178003013,46.73369190016109],[123.82675929960203,46.737857899822245],[123.83042130030287,46.73788089998362],[123.83645629981845,46.73403939999838],[123.84487929974,46.72701239970252],[123.84960930022908,46.72201590041351],[123.8496932996062,46.71607990006737],[123.84941080006843,46.711963399990964],[123.84892280004726,46.69894040017937],[123.84806079986606,46.687511400131086],[123.85185979969003,46.67702839964096],[123.85520180002311,46.67567840033797],[123.86717229986186,46.67575840042991],[123.87548780022189,46.67603689978313],[123.8944312996648,46.67729540026255],[123.90705079975464,46.67919889990935],[123.92032630041854,46.68087339978763],[123.93692779977823,46.68394490023701],[123.94422129977318,46.68603889967551],[123.94818129982718,46.68880440040283],[123.95181280002078,46.691791399653425],[123.95870979971755,46.69960040003849],[123.96428679969608,46.706710899688346],[123.96887179979376,46.71358890030757],[123.9747772996327,46.720702900118795],[123.98401630031208,46.72829040018189],[123.99295729983953,46.733367899608936],[124.00418829975024,46.741874399783796],[124.00778980035909,46.74829089980523],[124.00871279975593,46.75651939975057],[124.00729379996892,46.76496489981031],[124.00424180041887,46.76928690037022],[123.9995728000448,46.77040489976639],[123.99188980007432,46.771735899991825],[123.98719030009238,46.774909899772126],[123.98580179991325,46.78015489972887],[123.98938729978408,46.787940899952616],[123.99429330029568,46.79779040000699],[123.99159980019067,46.79914839967893],[123.98425280042648,46.80139539987783],[123.97489180041634,46.80339789959345],[123.96617130026539,46.808147400082476],[123.95979330022067,46.81222139999767],[123.94803630033505,46.819469399693105],[123.94583829969781,46.82303989977163],[123.94645680034114,46.82918940007079],[123.94479380009386,46.83170289996889],[123.93379980032057,46.82757190012313],[123.93611880024253,46.83419789991319],[123.93878179984029,46.8357999000454],[123.94077279992484,46.83945839968544],[123.9371032997775,46.841052900371096],[123.92308780006204,46.84468090040326],[123.9153977997687,46.85014739978271],[123.91339129986864,46.85311139977131],[123.913383300399,46.85721940035512],[123.91571029979059,46.85927940002432],[123.92536930005326,46.86272040042621],[123.93203729998152,46.86432639984355],[123.93135830014546,46.870033900444184],[123.93002329973558,46.875057400079015],[123.92967229973692,46.87985239996834],[123.9287108003632,46.88406389992912],[123.93221279998079,46.89019390022838],[123.93615730021929,46.895240900047554],[123.93946079967623,46.89891440037934],[123.9417573003592,46.90212640011333],[123.94805130012742,46.906959399956406],[123.95365879971393,46.91315839984031],[123.95626830044182,46.91842689998151],[123.96524029960017,46.92281339991854],[123.97120679955424,46.926498399881325],[123.97615830036534,46.93315140001715],[123.97708880010805,46.939552400223135],[123.97503679990848,46.94388190022954],[123.97830180028791,46.95075239960363],[123.98525980009981,46.95695489964896],[123.99455279967208,46.96317290040906],[123.99951179992968,46.96867739974226],[124.00179279989788,46.975086400317196],[123.99418629985792,46.99061589970404],[123.97473879965594,46.994849899803114],[123.96806330028119,46.99367539960008],[123.9546888004478,46.99245840013509],[123.93792730000496,46.995105899917405],[123.93187729979763,46.99758139986176],[123.92278280038602,47.00369640036865],[123.91605380034264,47.00640090008153],[123.90200029977404,47.006545899573666],[123.89095280023162,47.00670239959612],[123.87687680042404,47.008674899726884],[123.86814129958134,47.01090189990282],[123.8597027998444,47.01724640020126],[123.85254679989498,47.02564990012286],[123.84570329996734,47.037711899684496],[123.84622179959649,47.04891189996425],[123.84616829982724,47.053020399671766],[123.83975229982889,47.05686539981838],[123.8292997998459,47.06182490009911],[123.82454680009482,47.06590290019875],[123.80452729959529,47.08427040005898],[123.79843129996459,47.08925239957864],[123.79000830004304,47.09239140044281],[123.78318780027678,47.100570399904086],[123.77736679983798,47.108749400264685],[123.76986680021275,47.11714940002486],[123.76477830027841,47.12122339993999],[123.75766729970621,47.125739899576786],[123.74755079992951,47.129551399977174],[123.73577880025152,47.131748399668936],[123.72738629993785,47.13236989955129],[123.72068030005585,47.13209140019802],[123.70702379980855,47.12696440028691],[123.70171330042854,47.122810400279775],[123.69840980007223,47.11958690001546],[123.68972029955228,47.11791989958374],[123.6823502996267,47.11740490011613],[123.67368330014426,47.114363900173885],[123.66409280034247,47.1065254002271]]]]}},{"type":"Feature","properties":{"regionCode":"230225","regionName":"甘南县","sourceFeatureName":"Gannan County","sourceFeatureId":"62558664B75943982247196"},"geometry":{"type":"MultiPolygon","coordinates":[[[[124.26728820009043,48.529857600148205],[124.07180019991938,48.42942429979166],[123.85224149984538,48.259868599756146],[123.73155209994957,48.187313100219455],[123.57421879985782,48.04172130019788],[123.53433229959603,48.02203369989536],[123.29052729979514,47.951950100316935],[123.2874442997147,47.94767009989522],[123.18476099992029,47.80511860014332],[122.90067289973456,47.690273299773025],[122.90965280033652,47.68028240021266],[122.912132299566,47.67666639983452],[122.91982279988235,47.66900990018678],[122.93151080018333,47.66346790002365],[122.94412229990428,47.660903899595326],[122.95423130023437,47.66264739995762],[122.96502679984701,47.66393640004486],[122.97857679967967,47.66389439990667],[122.98783080015141,47.66036990015084],[122.99539179989176,47.65681840004919],[123.00501979962416,47.651698899584574],[123.01162730035969,47.64562239995382],[123.01717379983108,47.64135340003941],[123.02387230026648,47.63207989956777],[123.03121930003078,47.623729900314686],[123.04086279957858,47.61791990038313],[123.0486832995947,47.61665340043413],[123.05785379981307,47.61563090004603],[123.07063280006378,47.61876689987258],[123.0777128001057,47.61999890002926],[123.08183280034348,47.6175429000848],[123.08303079983159,47.61070589955767],[123.0825577996028,47.60338990032369],[123.07945230028349,47.593299899970475],[123.09349080016034,47.59204489965248],[123.10227230042642,47.592613399788604],[123.11235829969587,47.59479889984942],[123.11881979999384,47.59373840040689],[123.127006299801,47.59109890009421],[123.13279729975568,47.589572899869495],[123.1395568003062,47.58988589991441],[123.14353929959907,47.592902899649175],[123.14408879975838,47.597705899907396],[123.13789380005892,47.601737899684395],[123.13343829963787,47.60374040029927],[123.13098129964737,47.6071319002171],[123.13088979992438,47.61056140008861],[123.13207979994286,47.61651240022712],[123.12552629989887,47.62122339984006],[123.11900330036212,47.62479439994166],[123.11723279965406,47.62797139986026],[123.11952980036006,47.63028290033566],[123.12822730034975,47.63427740018193],[123.14067080041718,47.63717289970958],[123.15216079968127,47.63822539968248],[123.16705330026969,47.63840790000461],[123.17754380020631,47.638759400026345],[123.18594379996648,47.64091889978744],[123.19664829987914,47.64629739960537],[123.20564280007522,47.652114899882804],[123.2100222996894,47.65307990031721],[123.22119879978482,47.652755899765],[123.24353029988345,47.65369790003808],[123.26584630016669,47.65532290033161],[123.28309629975445,47.655971399660416],[123.29562380009838,47.656566400119345],[123.30980680034361,47.65809639962919],[123.32466880042489,47.660083899552376],[123.33551030036017,47.65974440008404],[123.34401679963571,47.658237399836196],[123.34738929957655,47.65872589988044],[123.35507180042327,47.66360490004615],[123.36479930024757,47.66781589998385],[123.37966130032885,47.66979989974561],[123.39114380014632,47.67151189955456],[123.40171830035933,47.66819739959038],[123.41609929984293,47.661033400171334],[123.42165379968321,47.654697400264865],[123.42616980019613,47.649032399825444],[123.43168630008279,47.64429489988976],[123.44397730031221,47.63915989960975],[123.45797730021229,47.63381939974556],[123.46985630032805,47.631877400121994],[123.47789779974369,47.63652040019639],[123.48214729965821,47.64364240037651],[123.48636629996486,47.652816899880065],[123.49028780004198,47.66015990035919],[123.49861129987164,47.667541399915706],[123.50557730005244,47.67514389977123],[123.51400730029673,47.677051399602476],[123.52822130017296,47.67786390019887],[123.5404437999415,47.677062900132796],[123.55661029992541,47.67410290032865],[123.56712330000039,47.67374039979967],[123.5803678001339,47.67179890019912],[123.58917980000786,47.67141739969327],[123.6058198002437,47.669502400415524],[123.61459330014077,47.67185990031419],[123.6260068003736,47.67697889985641],[123.64681979969407,47.688339400343125],[123.65685280011667,47.69686889977993],[123.66208630044252,47.70741639964717],[123.67752830029087,47.716445899658595],[123.68863679994843,47.72132890000876],[123.72680680019369,47.73052190036549],[123.73631279969607,47.730594400111556],[123.76164229955259,47.73694589983347],[123.77922029987701,47.74094790002562],[123.8211593003615,47.749683399969],[123.83197029978953,47.75271989970366],[123.87188729965919,47.76096739962583],[123.91313929993885,47.7737734002223],[123.91853329957223,47.777000399748715],[123.92350779964534,47.78639240028912],[123.93290729963223,47.79443739986618],[123.94307730007745,47.79586389999906],[123.95056930023304,47.794307900189494],[123.96418779962733,47.791187400178444],[123.98082729984003,47.79127539973996],[123.99062330012521,47.79612340027478],[123.9936367996986,47.79841589987393],[123.99970229972143,47.80347440022342],[124.00778980035909,47.80990990022178],[124.01654829956442,47.81634540022009],[124.02498630017772,47.821407399831685],[124.038513299849,47.82809839992126],[124.04631029968061,47.82973089966134],[124.0646363003251,47.83095939965665],[124.08027630031108,47.83103190030204],[124.0928267999169,47.83199689983712],[124.10135630025309,47.82838040033528],[124.10650630032558,47.821327399739744],[124.11508180008502,47.8126829003956],[124.12870030037857,47.80886090041025],[124.14058679994093,47.80890289964913],[124.15686030036261,47.81238940035058],[124.17788679963621,47.815666400384146],[124.18875880007863,47.816848900056755],[124.19618980011921,47.82235340028927],[124.19750230039097,47.8292083998478],[124.20350630027565,47.844753399949525],[124.20989229978989,47.85504889988687],[124.22073379972517,47.86215989955974],[124.22852330011028,47.86515790021696],[124.23872380016326,47.8656464002612],[124.25026680007284,47.86659239981947],[124.25910929955455,47.86730590034705],[124.26862280030207,47.86824390043569],[124.27745830036031,47.86872490013411],[124.2818833002741,47.86804939956022],[124.2961808004037,47.87093340035619],[124.29377730018234,47.87366090023039],[124.29238129965734,47.877757900306904],[124.29099280037747,47.88140490031594],[124.28823079981157,47.885955899745056],[124.2871703003691,47.889827900237435],[124.28679630020918,47.893474400223454],[124.2884597995801,47.89781589988394],[124.28877229960199,47.90078340003396],[124.28838329964958,47.907169400447515],[124.28529330014578,47.91012189990579],[124.2818833002741,47.9114759002926],[124.27812929982736,47.911914899852775],[124.27572629962913,47.91395540042146],[124.2739868003506,47.918052399598594],[124.27394880039685,47.92215740004406],[124.27591680032015,47.929466399854505],[124.278266799873,47.93221289970563],[124.28131079995353,47.9356453997155],[124.28571329972908,47.937949899868045],[124.29218280039595,47.93843439972784],[124.29694429963979,47.93867890021113],[124.30032329988046,47.94029239997434],[124.30198680015076,47.944633399611746],[124.30264279982543,47.947826400268184],[124.30465680007137,47.950801899887836],[124.30737280031451,47.95241140036586],[124.31519330033063,47.95358290043055],[124.31861129967183,47.95500190021755],[124.31614680023472,47.959743400337686],[124.31475830005559,47.963157400393754],[124.30996680032763,47.96610240040553],[124.3133163001072,47.97136690036223],[124.31739030002234,47.97366340014588],[124.3255613000141,47.97437639975112],[124.33030680031868,47.975765399953275],[124.33029179962693,47.978729399941926],[124.32585129989764,47.979854399660894],[124.32346330039104,47.981899400437044],[124.32071679964065,47.9837114003609],[124.31693279960905,47.98848340008891],[124.31553629996029,47.99121840030898],[124.31926730024577,47.992370400373716],[124.32573680001337,47.99331289977056],[124.33595279988185,47.994262400389516],[124.34845730006441,48.00000740002156],[124.35295879990872,48.009189399870934],[124.35854380025626,48.008987400448234],[124.36936180000714,48.01837539990481],[124.36865980000982,48.02365889983844],[124.36015329983502,48.02922040000152],[124.36315879993867,48.038879400264136],[124.37156680006785,48.046100399613806],[124.37789929981295,48.069167900378375],[124.40059679970261,48.07287190031798],[124.40492230042389,48.08473939990341],[124.40846229999522,48.08686840005669],[124.41337649962577,48.086900399733736],[124.41537569972877,48.0937226999427],[124.41345160021126,48.098725099683634],[124.41300270001466,48.10207999989211],[124.41889499960462,48.104601900357466],[124.42724149959554,48.10502599994999],[124.43054440010405,48.107810499754805],[124.43152400013253,48.11130490010112],[124.42433839989735,48.11683810039807],[124.42270540013419,48.1199875001231],[124.42374870004255,48.1234308000914],[124.42869090006502,48.1252699001858],[124.46450810026863,48.129066499719215],[124.46777340012238,48.136444099815435],[124.46162849985546,48.14327579973843],[124.45612339977515,48.15258489987326],[124.45917619972192,48.15777230005165],[124.46705629960866,48.16164019963554],[124.45554349983274,48.165237399686305],[124.45050050019802,48.170276599685394],[124.45841219956344,48.17531590040852],[124.45841219956344,48.1817969996319],[124.45481870022286,48.196914700353204],[124.42169950033178,48.222827899787774],[124.41451259967675,48.223548899761965],[124.39507290019424,48.233627299760144],[124.3936233999001,48.23938749973337],[124.3871535997589,48.24442669973246],[124.39074709999875,48.24946589973155],[124.39794920009558,48.25090410004424],[124.39938350004854,48.25882339958031],[124.39002989966025,48.27106090004054],[124.3878708000974,48.27753830035232],[124.37922670005219,48.28257750035141],[124.37635040015095,48.29265590034959],[124.35764310044874,48.29769520017339],[124.34899140023299,48.30201719983398],[124.3525924997441,48.31425480011899],[124.33531949999497,48.32001109973254],[124.34107209979766,48.330089599555436],[124.32955930002174,48.33369060014115],[124.31876369968506,48.33945080011438],[124.31659699995168,48.34952550030164],[124.31948090002356,48.35744479983771],[124.30148319959005,48.36680600039665],[124.30220030010378,48.37328339980911],[124.3065185999535,48.37976070029612],[124.31372070005034,48.38191989968368],[124.32019810036206,48.38624190024353],[124.31443790038884,48.39128110024262],[124.30220030010378,48.39344019980541],[124.30293269988431,48.398479499629275],[124.31011959963985,48.40207669967998],[124.305801399615,48.4085578996274],[124.30507660000512,48.41503520011446],[124.3266830001204,48.418636299625575],[124.3259583003354,48.425113699937356],[124.32308200043406,48.435192099935534],[124.31011959963985,48.440231299934624],[124.30039979981098,48.453548399638976],[124.29463959983775,48.46290970002269],[124.29824070024813,48.47082519992307],[124.31263730027126,48.477306399870486],[124.31407930021965,48.48378370035755],[124.30760189990781,48.50034330030314],[124.30039979981098,48.50682069971555],[124.29752349990963,48.514019000176745],[124.27953339964677,48.52265929968701],[124.26728820009043,48.529857600148205]]]]}},{"type":"Feature","properties":{"regionCode":"230227","regionName":"富裕县","sourceFeatureName":"Fuyu County","sourceFeatureId":"62558664B59743501002139"},"geometry":{"type":"MultiPolygon","coordinates":[[[[124.31861129967183,47.95500190021755],[124.31519330033063,47.95358290043055],[124.30737280031451,47.95241140036586],[124.30465680007137,47.950801899887836],[124.30264279982543,47.947826400268184],[124.30198680015076,47.944633399611746],[124.30032329988046,47.94029239997434],[124.29694429963979,47.93867890021113],[124.29218280039595,47.93843439972784],[124.28571329972908,47.937949899868045],[124.28131079995353,47.9356453997155],[124.278266799873,47.93221289970563],[124.27591680032015,47.929466399854505],[124.27394880039685,47.92215740004406],[124.2739868003506,47.918052399598594],[124.27572629962913,47.91395540042146],[124.27812929982736,47.911914899852775],[124.2818833002741,47.9114759002926],[124.28529330014578,47.91012189990579],[124.28838329964958,47.907169400447515],[124.28877229960199,47.90078340003396],[124.2884597995801,47.89781589988394],[124.28679630020918,47.893474400223454],[124.2871703003691,47.889827900237435],[124.28823079981157,47.885955899745056],[124.29099280037747,47.88140490031594],[124.29238129965734,47.877757900306904],[124.29377730018234,47.87366090023039],[124.2961808004037,47.87093340035619],[124.29929330004586,47.86592889979892],[124.30168929992135,47.86320089990164],[124.30307780010048,47.85955840010013],[124.3017728001746,47.85476290018772],[124.29975879992878,47.850646400111316],[124.29467780034031,47.84880439970334],[124.29062629966404,47.8453599000394],[124.28724680029961,47.84397890020614],[124.28285980033957,47.840991900056224],[124.27915180021546,47.83778389960736],[124.27683230027048,47.83184439999911],[124.27689330038561,47.82500090007153],[124.27726729964627,47.82157889964657],[124.2786638001943,47.81793990000642],[124.28098280011625,47.81249589986595],[124.28687280013969,47.81067639959622],[124.29466229962554,47.81298840009464],[124.30449679988749,47.813487899746804],[124.30892930014716,47.812362400004815],[124.3089827999163,47.80689239956462],[124.30491630034703,47.80459189959652],[124.30017830038832,47.803203400316704],[124.29308329965465,47.800208899820916],[124.28460679996385,47.79903389959486],[124.27409379988899,47.79829789982824],[124.26866130027884,47.79827489966692],[124.26390829962838,47.798026899921524],[124.259849300405,47.79663839974239],[124.25179280029761,47.78816240007478],[124.24741379980708,47.784037899629425],[124.24540729990701,47.78106290003285],[124.24170680012878,47.77716840030149],[124.23869379967914,47.77418889959807],[124.23738080028374,47.769847899960666],[124.23708330005434,47.76573940025315],[124.23983780027436,47.761646400361144],[124.24394279982039,47.757556899731185],[124.2473833001992,47.752555900234654],[124.24877180037834,47.74936689976266],[124.24846629977992,47.74525840005515],[124.24511730002348,47.74113839981737],[124.24040979967253,47.73746490038491],[124.23400130002005,47.73492790030241],[124.2309567999165,47.73331839982433],[124.22930930038399,47.72965990018429],[124.23204030041961,47.72739039984714],[124.23715979998485,47.7239913995835],[124.23821980030357,47.71989040022186],[124.23995180013549,47.71602239991387],[124.23458079976422,47.7107503996113],[124.22846980034103,47.711631899792394],[124.22541829991462,47.71229939999739],[124.2213362996306,47.71364990022278],[124.21624729967323,47.71408439957543],[124.21218879957348,47.713374400108535],[124.2091598001847,47.711536399885006],[124.20646680010282,47.70969839966148],[124.20446030020275,47.70740890020062],[124.20452130031777,47.701701899623004],[124.20590929957461,47.69828789956699],[124.21103680040812,47.693752399953325],[124.21444680027969,47.691032400425],[124.2175367997836,47.68739690004696],[124.2158812998822,47.684425399712495],[124.21624729967323,47.68122839977087],[124.21663679964865,47.67666989999594],[124.21806329978153,47.66983390041423],[124.21507280036951,47.66479890024908],[124.21102880003912,47.66249840028098],[124.2063217997113,47.65973639971514],[124.20362829960641,47.657898400390934],[124.19687630030103,47.655353399939486],[124.19283279999377,47.6546478997808],[124.18520329979253,47.65866489976537],[124.17926780036873,47.656860400187384],[124.16980730026671,47.655212399732534],[124.16134580036851,47.654941399825816],[124.15828679959623,47.65560890003076],[124.15287029982449,47.65603639995993],[124.14878830043983,47.65761189976939],[124.14539330036064,47.65895839981033],[124.14098330023921,47.65938939990093],[124.13556679956821,47.65959140022301],[124.1318512999976,47.658427899627895],[124.12848680042555,47.656810899703316],[124.12547279992987,47.65428540015114],[124.1248323000707,47.651088900232594],[124.122840799963,47.64765540017663],[124.1201627996735,47.64627140020502],[124.10922439958642,47.63607610003203],[124.1075764000309,47.63194999969278],[124.10310010008959,47.628604900295954],[124.09601309972481,47.624650199946814],[124.09197759978645,47.62119359990476],[124.08560769993551,47.620571699824154],[124.08249199960619,47.61852779981814],[124.07991129966683,47.613223899663296],[124.07727829965381,47.611564399577446],[124.07698779974726,47.607688899822904],[124.08045180031036,47.601775899638085],[124.08219129958889,47.59767889956163],[124.0856627995986,47.59085439961092],[124.08740980012226,47.58630390020488],[124.08847029956473,47.58311839989432],[124.09055330029469,47.57833839979736],[124.08583829959787,47.577396400423595],[124.08177930037448,47.57760190000772],[124.07805629955863,47.577117900171004],[124.07436380014929,47.57550040022335],[124.0693207996153,47.57387539992982],[124.06495679981651,47.571109900101874],[124.06127179985378,47.56857690020382],[124.05860880025602,47.56604739956788],[124.05259680000233,47.56076439965739],[124.04823280020366,47.55868139982681],[124.04252629964913,47.5547674000955],[124.03885630037803,47.55155190020008],[124.03656029971808,47.54719890000928],[124.03492729995503,47.54307939979452],[124.03262329982545,47.538272900274194],[124.0340802995662,47.53098689972569],[124.02665729989451,47.530479399704575],[124.0229492997704,47.52977390044521],[124.01756279958363,47.52882389980317],[124.00982679986703,47.525802399860936],[124.0092088001461,47.52237690017387],[124.01129129995354,47.51828740044323],[124.01674629970205,47.51398439986019],[124.0137862998979,47.509177900339864],[124.01009379958919,47.50755690023084],[124.00673680036311,47.505702900168785],[124.00375380039759,47.50271990020326],[124.00144179989923,47.498824900448824],[124.00285330023962,47.494499399727545],[124.0083313001494,47.489288400439364],[124.00396730035072,47.48698040012545],[123.9999463001817,47.485126900086414],[123.99693229968591,47.4839629003676],[123.99459829997159,47.481891400168024],[123.99192830005109,47.480052899921475],[123.9899367999434,47.47775640013782],[123.98999029971264,47.47364790043031],[123.98903629978543,47.4695314003539],[123.98808279988134,47.466560400042454],[123.98812880020398,47.462909899872045],[123.98650379991045,47.45902239956416],[123.98621380002692,47.45514289962517],[123.9866177997717,47.45080940033364],[123.99002080021978,47.44877640011083],[124.00083179964793,47.44648339958928],[124.00991030012028,47.444553399619736],[124.02172079977515,47.444152900036386],[124.03015130004258,47.444423399920026],[124.04466230012508,47.444263399736144],[124.05645779998758,47.44523240035505],[124.06453680023321,47.44663989961174],[124.0726088001561,47.44987440038335],[124.08236679958816,47.45243089956642],[124.08912630013867,47.45063390033431],[124.09928880023801,47.4461099003517],[124.10505680003132,47.44271040006498],[124.11051179977983,47.43565340018432],[124.11260980030215,47.42721190030903],[124.11466979997135,47.422199400282125],[124.12145229978387,47.417884900068145],[124.14521030001538,47.39810940002883],[124.15200779962026,47.390598399896305],[124.16146080027579,47.38858040036524],[124.17257680027922,47.38884740008751],[124.18402080011992,47.39049140035792],[124.19245130038723,47.39006439955244],[124.20054629957212,47.38849239990441],[124.21402030039656,47.38922490040886],[124.22444930019515,47.39154440035384],[124.23927280029955,47.394328900158655],[124.2530667996931,47.3950573995794],[124.26892830000111,47.39281839974939],[124.27567279985988,47.39352389990813],[124.2857668003976,47.39377990002242],[124.30802930001221,47.39109790044779],[124.31950380036017,47.38883989974164],[124.32657630005622,47.38657739972729],[124.33334330005334,47.38316339967122],[124.34716779995404,47.37977189975345],[124.3552628000383,47.378188899598115],[124.36302179991617,47.373637900169],[124.37651829997958,47.36841190018907],[124.39029679955775,47.3642044004128],[124.39843729994152,47.3611448996175],[124.40618880037289,47.3584133995588],[124.41124729982312,47.357051899725434],[124.41697679963966,47.35432439985124],[124.42034929958061,47.35295839981035],[124.42423229968097,47.349410899893144],[124.43057229977182,47.35082240023365],[124.438980299901,47.35426339973617],[124.44975399994723,47.35912320027552],[124.4595033002372,47.36273590014173],[124.45954309973433,47.351116799600675],[124.45799129975876,47.34606419970311],[124.46201329997393,47.33905389981766],[124.47501379964717,47.33800139984476],[124.49194329974353,47.33766939982297],[124.50602729991999,47.33772639975359],[124.52587130042025,47.33881739970326],[124.54371629956768,47.33974090002255],[124.56054679959516,47.342033399621755],[124.57301329982397,47.341579400269154],[124.57602680029663,47.342036899783125],[124.57637029994942,47.33792489991424],[124.57805630035807,47.33449940022717],[124.58040629991092,47.32879239964956],[124.58747879960697,47.32034290030464],[124.60025779985767,47.3148614002335],[124.6090087996165,47.313949899568286],[124.62010929980443,47.311206899878584],[124.63155379966815,47.31120289969414],[124.63928980028413,47.310973899925614],[124.65241979963412,47.31279390021837],[124.65982830043583,47.31621539972099],[124.67262279960255,47.32260490029597],[124.67801680013531,47.32602289963717],[124.68509680017723,47.33081440026439],[124.69757079985254,47.33765790019197],[124.70329979964606,47.340850899949146],[124.71375279965207,47.34403990042114],[124.72924730012289,47.34858689966575],[124.74373630009029,47.35542290014678],[124.7602763002111,47.36270889979596],[124.77850329988746,47.371589400130745],[124.79604330025813,47.378867900333375],[124.80957029992942,47.38934689973968],[124.81465130041727,47.395961899921815],[124.8177182997598,47.402576400080875],[124.82684329967856,47.407813899691746],[124.83968330004427,47.41212839990578],[124.85015079981963,47.41781240032208],[124.85826129971929,47.420993900448195],[124.86434929988036,47.42394639990647],[124.8771817999002,47.42779940042203],[124.87991329995884,47.4335018998928],[124.89237930016463,47.43141539990086],[124.90181730012841,47.431392399739536],[124.91227680043403,47.432506399850524],[124.92546829992216,47.437495899716055],[124.93966679998289,47.442477400111954],[124.95960979965264,47.44858140011161],[124.97653180030238,47.45583690015286],[124.99075329962511,47.46172690017636],[125.01883679967864,47.4712219000707],[125.01886730018578,47.474643899596344],[125.01859330014076,47.480815900033804],[125.01624279966552,47.48378740036827],[125.01390829992818,47.48676690017237],[125.01225280002677,47.49111189999422],[125.00959779989864,47.49705489976384],[125.00393679964361,47.5059853997065],[125.00193029974355,47.50850289978905],[124.99996179979723,47.516269400012845],[124.99833680040308,47.525184400140006],[124.99672679990192,47.53432439985124],[124.99578080034371,47.54300289986401],[124.98919679979258,47.56540290042358],[124.99846630007971,47.58226390005899],[124.9971388000157,47.58569690009193],[124.99482730043962,47.59392540003722],[124.99185179992071,47.60147089996212],[124.98612280012719,47.603771399930224],[124.98004929973547,47.60630039964377],[124.9743192998958,47.60928739979374],[124.96489729977066,47.61571490032247],[124.95850379991055,47.621440899977586],[124.95313280043842,47.62647990032718],[124.94876879974038,47.63174440028388],[124.9454192999608,47.63700490005613],[124.94106279960863,47.642040400244355],[124.93701930020063,47.64685039992605],[124.92896280009325,47.65645989970466],[124.9036637998446,47.6713674000855],[124.89589679959772,47.67686840015659],[124.88578029982102,47.684428899873865],[124.87732680029171,47.68946840024654],[124.8726197999639,47.6933628999779],[124.86518079955431,47.69703290014826],[124.8523177999266,47.70003139992923],[124.84863279996387,47.706886400387134],[124.84764929957555,47.713966400429115],[124.84732830006101,47.717849899653174],[124.83247380032572,47.72929390039326],[124.82234179983425,47.739360899685835],[124.81355280012167,47.743942399622085],[124.80185680035117,47.74881340031823],[124.80490879990123,47.751094900309454],[124.80796030032764,47.75223539984387],[124.81136379989948,47.754062399560155],[124.8154217999762,47.75314689960976],[124.81948780042171,47.75268940009579],[124.8238982996669,47.75086190035648],[124.82729329974609,47.74949640033867],[124.83135980021473,47.74812289995191],[124.83576179996714,47.74721140018602],[124.84187330031261,47.74812289995191],[124.84288780033182,47.751540900192424],[124.84425330034958,47.75542040013141],[124.84459680000236,47.758384900143085],[124.84832780028785,47.76203540031355],[124.85172280036704,47.76203540031355],[124.86054279971052,47.762943399918015],[124.86766029968317,47.76202389978317],[124.86971279990587,47.76521690043967],[124.87322229986933,47.76893240001033],[124.87989780014345,47.77433389998953],[124.88329330024567,47.775928399775864],[124.8941573003192,47.77956790033841],[124.89790330039705,47.7802543996209],[124.9012832997845,47.78138739970876],[124.9057008002518,47.78321090016294],[124.91249829985668,47.78662490021901],[124.91622930014216,47.78799040023682],[124.91998279966651,47.79095090006405],[124.92236329972661,47.79300290026367],[124.92542279962254,47.795276399886006],[124.92746730037572,47.79938140033141],[124.92713180019246,47.80303189960256],[124.92648329996439,47.80850990041165],[124.93190780010491,47.80964289960019],[124.93904880026196,47.812827899887736],[124.9421002997891,47.81305290037113],[124.94515979968503,47.81236690021234],[124.9512713000305,47.81258789961191],[124.95549779978364,47.81451789958146],[124.97334279983045,47.81489189974144],[124.97865230006369,47.809520900269376],[124.98755629968355,47.80933389973973],[124.99520129970028,47.80616390014393],[125.00540179975337,47.80969590024563],[125.01283279979396,47.810035899737045],[125.01834080018784,47.81507890027109],[125.02176679989793,47.8189468996797],[125.025192299585,47.821674399553956],[125.03031930039549,47.825309899931995],[125.03172280036699,47.8296393999384],[125.03447729968764,47.83510990040162],[125.03587330021264,47.839214399924685],[125.03658979997931,47.84332239960912],[125.03530129991509,47.85154740029236],[125.03366079980617,47.858627400334285],[125.03031930039549,47.8652608995709],[125.02558130043678,47.867332399770476],[125.0164108002183,47.86873639976511],[125.00810979962762,47.8721159000288],[125.00131230002273,47.87502290008683],[124.99102030024676,47.87905890004828],[124.97775279995187,47.88254139966591],[124.96945180026046,47.88206490017507],[124.94802829976629,47.88065639997291],[124.93205279959705,47.877204899986225],[124.91642780030281,47.87443539997378],[124.9090118000546,47.87408439997512],[124.90766830015195,47.877055900309585],[124.90804280033501,47.881854900383416],[124.91045380000298,47.88686740041027],[124.9152528000767,47.892104900021195],[124.91731279974601,47.895751900030234],[124.91531380019183,47.902377899820294],[124.91397829975881,47.906490399712254],[124.91842629983398,47.91036240020463],[124.92624679984999,47.9096528998615],[124.93206029994292,47.913059399571694],[124.93618030018081,47.91921240003228],[124.93623329992693,47.9249188996875],[124.93462380034816,47.93953390006948],[124.93363179956793,47.943874399683864],[124.93129729983059,47.95186989967618],[124.92932130043778,47.96100239994087],[124.92833730002644,47.967853400214324],[124.92666630030953,47.97151540001573],[124.92327879967695,47.974715900118724],[124.91718280004625,47.979072399571635],[124.91654979963357,47.987064400301904],[124.9211888004229,48.00000740002156],[124.92417130036529,48.00877389959584],[124.92334730013783,48.01454140026544],[124.91567979998285,48.020362899828],[124.90348829984521,48.0252229000169],[124.88783280004373,48.02586339987607],[124.88186630008977,48.024272900274184],[124.86714180005413,48.023956400067846],[124.85185980038955,48.02136990040066],[124.8432232996156,48.020347400012554],[124.82816330029618,48.02003840015209],[124.81575780018238,48.0189358996721],[124.80747979975297,48.01812339997497],[124.79676030004782,48.01671990000341],[124.78523229993073,48.013976900313764],[124.77876280016312,48.0103378997743],[124.76534280003023,48.00926989998595],[124.75608080008897,48.00894939959517],[124.74291980020871,48.00695040004098],[124.73969279978292,48.00524539965551],[124.73178880041291,48.00000389986013],[124.73597730021231,47.99631090042777],[124.73903630008522,47.99174490030697],[124.74276680034757,47.988315400435454],[124.74548329971458,47.98123590041655],[124.7410433000083,47.97827140040488],[124.73116280032309,47.9764593995817],[124.72228980033412,47.975101399909704],[124.71376780034382,47.973052899871504],[124.70047779991057,47.97077940024917],[124.68958280020615,47.96942139967791],[124.68412779955838,47.969653899607806],[124.67594930012012,47.968974899771865],[124.6653897996996,47.9676133999385],[124.65754680044449,47.96715939968658],[124.65177130030531,47.973098900194145],[124.65177929977494,47.977889899899026],[124.6541673001808,47.98587790044479],[124.65556329980654,47.99500639962571],[124.65772230044388,48.00000740002156],[124.65554029964517,48.00786589999137],[124.65219930025751,48.01258089978876],[124.65072629977897,48.0153883997549],[124.64965029962173,48.018638400341956],[124.64473729968665,48.02112189975594],[124.63999929972795,48.02153790005411],[124.62731930044538,48.02111090014796],[124.61757679992945,48.01919539994782],[124.59963229979087,48.017134900255485],[124.58690630018566,48.01624739979769],[124.57684330017821,48.014339399943424],[124.55964680035959,48.00903690003298],[124.54988079965926,48.00666040015739],[124.5396733001827,48.00576790036837],[124.51856229971042,48.00000389986013],[124.4742737996961,47.98696490021001],[124.44770030002894,47.98373789978427],[124.43544779977617,47.97779089983021],[124.4242172998886,47.97343440037736],[124.41195680016631,47.9693108999781],[124.40141279956106,47.96678140024147],[124.3867722998018,47.96470239969602],[124.37315380040764,47.96284839963397],[124.35307329979298,47.96121189970944],[124.34150679969912,47.95730989963221],[124.33571629976745,47.9559248996145],[124.31861129967183,47.95500190021755]]]]}},{"type":"Feature","properties":{"regionCode":"230229","regionName":"克山县","sourceFeatureName":"Keshan County","sourceFeatureId":"62558664B39264515469286"},"geometry":{"type":"MultiPolygon","coordinates":[[[[125.20469680011729,48.04980090029136],[125.21228029999588,48.05038090005854],[125.22280179956351,48.049457399739254],[125.23525980029956,48.04753890030008],[125.26923380039966,48.04855789962744],[125.27545180026038,48.049194400201486],[125.28533179992269,48.04875939992644],[125.32303630028514,48.04959089960039],[125.33968329994445,48.04838189960503],[125.34951029986053,48.047481400346385],[125.37342830027592,48.05052540042692],[125.38269779966379,48.05079240014919],[125.39665979961012,48.05016339992102],[125.40731029973063,48.05059039982717],[125.42182179983627,48.051990399637305],[125.43660729998692,48.05268840034944],[125.44451130025641,48.05301640018678],[125.45094280007027,48.05226140044334],[125.45303330024672,48.049407900154506],[125.45533730037619,48.0419653995836],[125.4556503004211,48.03506439970232],[125.45765680032116,48.028091400098106],[125.45974729959823,48.01858889985789],[125.46157080005241,48.00978839961499],[125.46372979979049,48.00000740002156],[125.4615097999374,47.99325589983994],[125.46103679970861,47.98549639993894],[125.4633103002302,47.97886289980306],[125.46701029998542,47.976093399790614],[125.47174829994412,47.97400289961416],[125.48130029976903,47.97484990000294],[125.4891432999234,47.97524240011671],[125.50856029961824,47.97509739972526],[125.51431279959604,47.972770400333786],[125.51455630003329,47.96797190028303],[125.51510630021562,47.96020890022061],[125.51497629961659,47.95244590015824],[125.51864629978695,47.94831090012798],[125.52778630039745,47.94527090023189],[125.53491229986287,47.94384740023736],[125.54414380019625,47.945602400230655],[125.55541230003769,47.94779189957654],[125.56358330002934,47.947727400199426],[125.57182329960563,47.94332140026245],[125.57314280020012,47.93575640033765],[125.56797780033526,47.923877900244975],[125.56736730006094,47.91337589977803],[125.57044229977237,47.90879039965728],[125.58303829967781,47.89926139999369],[125.58914179965439,47.898078400298004],[125.59287279993987,47.89736939997789],[125.60031879977282,47.89480939973407],[125.60336279985336,47.89387489980686],[125.60848230031797,47.8952099002168],[125.61225129965783,47.89701089963336],[125.61467730001743,47.899959399806505],[125.61711880019254,47.90404490025202],[125.61920180002312,47.906539900196265],[125.62197880038138,47.90994639990646],[125.62573980025161,47.911514400269425],[125.62983680032812,47.91285690012592],[125.6359632995667,47.91212839980585],[125.63979329992094,47.908149899798104],[125.64314279970051,47.90380089979175],[125.64566029978312,47.89979939962262],[125.65126029992291,47.89762089988466],[125.66364279987533,47.880759900249245],[125.67237080037216,47.87751790003114],[125.69194029990501,47.87632389982815],[125.69706729981613,47.867343900300796],[125.69692979977049,47.860496400188765],[125.69718930004626,47.85683839967248],[125.69777680015932,47.85295440042529],[125.70169830023644,47.84492489976435],[125.7126462996871,47.848476399866],[125.72598279956662,47.85177590003781],[125.74064630038652,47.854369900050926],[125.75219729976561,47.85380540009919],[125.76851629958765,47.8545608998657],[125.78144829969938,47.85465639977309],[125.79537980003784,47.85451490044238],[125.80963930021358,47.8536874000535],[125.82116680030765,47.85242440026593],[125.83782180033586,47.85225289955173],[125.85349279995285,47.85345840028498],[125.86409779977373,47.85654439960439],[125.87776879979037,47.85959239986943],[125.89241779994154,47.860576400280706],[125.90632630011874,47.85973340007638],[125.91956329990637,47.85867689991903],[125.93044329981853,47.858325899920374],[125.94438929992634,47.859084399825235],[125.96248629990293,47.8618429002297],[125.97644829984927,47.86282339958029],[125.98120879994622,47.86299490029444],[125.98937979993786,47.8633573999241],[126.00000029957425,47.86368939994588],[126.01535780002257,47.86626439998213],[126.03192130032778,47.86823590006679],[126.04606629972,47.870837900448805],[126.06128680014581,47.8725469001194],[126.07552330016028,47.873779400299156],[126.088386299788,47.874751900180115],[126.09719829966184,47.875629400176706],[126.1113663001147,47.877769399937904],[126.11918630010769,47.87793739959136],[126.12596129957433,47.87853990039616],[126.13108080003894,47.87819689986708],[126.14267729971766,47.87730390005498],[126.14253230022553,47.880500899996605],[126.14202880038886,47.88391890023712],[126.1405028001642,47.88753889990039],[126.13955679970661,47.89300139999466],[126.13757329996793,47.899127900132555],[126.13468930007116,47.90934740016246],[126.13117229976194,47.91886890037949],[126.12779230037438,47.925422400423486],[126.12270330041702,47.92530839966298],[126.11282329985545,47.92532340035467],[126.10635380008785,47.92541139991624],[126.10240929984934,47.92943940040806],[126.10011330008876,47.93487139999519],[126.0987928003475,47.940780399995504],[126.09718329986947,47.94599889962956],[126.09587879996673,47.9516869002303],[126.09390229965152,47.95735539993183],[126.09295580007017,47.96258940028065],[126.09259779974877,47.97012339967523],[126.09126280023816,47.97648639992747],[126.09062929980246,47.98264289965016],[126.08828729971913,47.98853289967366],[126.08666230032497,47.993980399975555],[126.08390029975908,48.00000389986013],[126.07903280012374,48.00754539960059],[126.0745772997027,48.01453389991963],[126.07240280014912,48.02363589967706],[126.07019079976567,48.03984039961483],[126.06601729975864,48.0477524002531],[126.06857279979499,48.05788790000662],[126.06501780043118,48.07360089976174],[126.06175930035147,48.08359540020763],[126.0617827996366,48.08977890027609],[126.05605329981995,48.101318400024184],[126.0502473000729,48.11399840020607],[126.04952980026019,48.121307400016576],[126.04971329972909,48.124290399982044],[126.05412279982738,48.12508389970225],[126.06227129968079,48.12620139997466],[126.07322680037657,48.12578190041444],[126.08495329975506,48.13064940004983],[126.09221630014224,48.13563090044573],[126.09403979969704,48.140029900059915],[126.09230779986513,48.14708689994052],[126.08963779994463,48.15251540026554],[126.08383180019746,48.158786899895574],[126.07763679959874,48.15954990000796],[126.06591779966675,48.16109440018647],[126.05431379964216,48.16057939981948],[126.04324329993835,48.16923889985537],[126.03739179989168,48.176418399989245],[126.03656779966434,48.191970900436786],[126.03762029963718,48.19795240018317],[126.03970330036714,48.210365399743466],[126.03898629967807,48.21744889994682],[126.03881830002456,48.220649900072885],[126.03520179962345,48.22422390031278],[126.02600079979709,48.229720900199425],[126.01785279996682,48.24119539964801],[126.01766180015204,48.25127040020885],[126.01510630011569,48.25418090042825],[126.00978080004393,48.257484399885186],[126.00950629997578,48.26251239972754],[126.01299279977798,48.268096900051944],[126.01923379980008,48.273292400424],[126.01746380001441,48.280574899911755],[126.01479330007078,48.285774399568936],[126.00454729971818,48.29296490021005],[126.00000029957425,48.29999939995241],[125.9884032998724,48.29842740030432],[125.97705079975469,48.29854190018858],[125.96309680017725,48.299938399837345],[125.94924179976931,48.299026400048376],[125.93946080017588,48.29469690004197],[125.93209080025031,48.29346089970079],[125.93109130002358,48.29672640010335],[125.93076280016317,48.30293639959524],[125.93157179969887,48.31001639963716],[125.93589780044317,48.32380289958422],[125.93871279985592,48.33031440038934],[125.9298017999132,48.333743900260856],[125.91678630044748,48.33439639977411],[125.89955129975272,48.33112339992505],[125.89067829976375,48.33478140044133],[125.88072979964056,48.344230400012975],[125.87006379970467,48.347278400278014],[125.85356130041373,48.34763739974625],[125.84184279960562,48.35051340017333],[125.83764630033659,48.359210900162964],[125.83663180031738,48.36545540034649],[125.82595079968974,48.37470239959612],[125.8198623004049,48.381889400075806],[125.81493379975507,48.390163400320716],[125.81053180000265,48.39703339967173],[125.80679330027067,48.40364839985381],[125.80593880043534,48.411491400008174],[125.80753330022173,48.42265689959629],[125.80761729959875,48.43275090013401],[125.80832679994194,48.44212739995959],[125.80436679988793,48.44989740034481],[125.79781329984394,48.459167399755756],[125.79489880033941,48.46711340016333],[125.78987129962081,48.47148889959311],[125.78240179960346,48.47575740038377],[125.78256980015624,48.48033540015865],[125.7866362997255,48.48587790034486],[125.78974129992116,48.4889374002409],[125.7885437995568,48.49680339965721],[125.78616330039608,48.50632840003567],[125.78434730028778,48.514907899979676],[125.78495779966283,48.52038589988945],[125.78771980022861,48.52966289962319],[125.78495779966283,48.53897840023302],[125.78520180012299,48.54424640035114],[125.78398879994324,48.55509189957155],[125.77613079999651,48.56212990037466],[125.76567079966776,48.558276899859095],[125.75800330041204,48.55451589998887],[125.74327029998437,48.55270390006501],[125.72891980010877,48.551097899748356],[125.7123868003107,48.54845039996604],[125.70201130028136,48.55468339961925],[125.6972427998154,48.55215790006707],[125.69000229956657,48.54928939998587],[125.68668380031716,48.544170400443704],[125.68396780007402,48.53832990000495],[125.68142679980701,48.534095899905935],[125.677322300284,48.53130689989359],[125.66898329973958,48.53078440008005],[125.65888980012426,48.5333288996091],[125.65228280031101,48.536166900082435],[125.64663679984847,48.53827290007433],[125.63876330008634,48.53887539997976],[125.63321679971557,48.53569389985364],[125.6253663001147,48.533313899816676],[125.61551680006039,48.53170740037626],[125.60843629999533,48.530208399597996],[125.5971832999694,48.52821340022831],[125.59145330012973,48.52962489966944],[125.58318330006932,48.52657290011928],[125.56672680020176,48.52137739974728],[125.56086679976306,48.518203899990056],[125.54525730028422,48.51755889992336],[125.54448679982602,48.52333039987809],[125.54350280031406,48.52704640037115],[125.53672029960217,48.528281899789874],[125.53414929975042,48.526794400441304],[125.53111280001576,48.52096539963355],[125.53025830018044,48.5161893997211],[125.52992229997426,48.50978090006856],[125.53228780024187,48.49957289966966],[125.53376780014389,48.49078740011845],[125.53588879992822,48.48150640020026],[125.53806280035803,48.47589889971448],[125.53993230023548,48.46112840025552],[125.54134379967672,48.454868400256544],[125.5445097999874,48.44577039978418],[125.54753129992957,48.432090900274886],[125.5485227997874,48.421947400152476],[125.55078129961737,48.417255399617034],[125.5509032998475,48.411971899683465],[125.55056779966424,48.40555939984648],[125.55535129992256,48.398685400311024],[125.55554980008321,48.3940849003979],[125.56111130024635,48.38808839995977],[125.56153079980663,48.38233189979741],[125.56211829991969,48.37817739976725],[125.55814380009633,48.37308489964846],[125.55361179974477,48.36939640042357],[125.5528107996787,48.361861900106646],[125.55827329977308,48.35173789998413],[125.56268329989439,48.34143439967784],[125.56242379961873,48.33571240020717],[125.55796830009706,48.329493900323314],[125.55332179986124,48.32466489976537],[125.54437229994176,48.32462289962717],[125.535026299724,48.32735439968587],[125.52822129977324,48.331340900062514],[125.52133929986883,48.337856400152816],[125.51825729983454,48.341213400278264],[125.50807929991981,48.342601899558076],[125.49976330043603,48.342067900113534],[125.49273680016324,48.34078640037211],[125.48712130020795,48.339668400076675],[125.48401630001229,48.33637240006624],[125.48253630011027,48.33208090001358],[125.48017880021155,48.32599189980641],[125.47882079964029,48.31962889955412],[125.47752380008342,48.313728399945774],[125.4748612996093,48.30811289999042],[125.4734873000989,48.30152490015405],[125.47228230028804,48.293315900208654],[125.47194680010477,48.29011890026709],[125.47057329971813,48.286746900349215],[125.46634679996487,48.28258139981182],[125.45890030010878,48.28039539972798],[125.45366679978304,48.27972040007643],[125.44848630010279,48.27949889975446],[125.43699629993932,48.27796189992182],[125.4311518002155,48.27799939985249],[125.425506799799,48.276649399650125],[125.41723629971557,48.27312840005567],[125.4072263003535,48.27266290017275],[125.3969803000009,48.276569399558184],[125.38913729984654,48.28059740005],[125.38178229971345,48.28253590041152],[125.37386329965159,48.28564389984615],[125.36498280021613,48.28627740028185],[125.35959630002924,48.28743739981621],[125.3487928000477,48.289302900408586],[125.34288029988602,48.28864639981157],[125.33851580006422,48.28631990044312],[125.33117679976954,48.28183340039118],[125.32655329969509,48.28020489993622],[125.31918329976952,48.27869789968838],[125.31076029984797,48.27700789999466],[125.30300880031598,48.27506240020966],[125.29695880010865,48.27303690033273],[125.292739799802,48.272079400244195],[125.28526280033805,48.272865399618524],[125.27873229955605,48.27292639973359],[125.2659373003662,48.26867689981913],[125.25243379997994,48.26078390005699],[125.24629980039549,48.25440189982788],[125.24569679956767,48.248466400404084],[125.23995980030463,48.24252289971213],[125.23542779995307,48.238368899704994],[125.22113029982359,48.236240399574854],[125.2038267995672,48.234931900386925],[125.19091779961684,48.23274590030309],[125.1787033002172,48.23075490021853],[125.17594930002019,48.22720340011688],[125.1790237997086,48.21651840020405],[125.18041229988785,48.209808400137604],[125.18199129985862,48.2014809001235],[125.1835327998989,48.18925840035496],[125.18755330004478,48.18128190033946],[125.18698129974723,48.17557539978492],[125.1876983004363,48.168895900225664],[125.19111629977749,48.14810189998275],[125.19564029976004,48.138267399720746],[125.19618979991935,48.12998940019071],[125.19429029955779,48.12112789983274],[125.19246680000288,48.11317890018614],[125.19236729991098,48.10515589982498],[125.192436300395,48.09551989972363],[125.19194780035082,48.090495900065775],[125.19505329967012,48.08370990009189],[125.19938679986103,48.079158899763456],[125.2056198004135,48.0729218999258],[125.20202630017366,48.06780240036056],[125.20469680011729,48.04980090029136]]]]}},{"type":"Feature","properties":{"regionCode":"230230","regionName":"克东县","sourceFeatureName":"Kedong County","sourceFeatureId":"62558664B85762436503804"},"geometry":{"type":"MultiPolygon","coordinates":[[[[126.28323380009988,48.26018540033601],[126.27906780043872,48.26287890044097],[126.27153780032927,48.26279790030293],[126.26255779990265,48.266364900220026],[126.25937629977648,48.27021789983627],[126.25070179994816,48.27561539963102],[126.24272129974827,48.27796540008319],[126.23696130032386,48.27729789987825],[126.23114029988494,48.27700789999466],[126.22157280024464,48.2762144002744],[126.21372980009028,48.27429940009728],[126.20253730015634,48.26937489963194],[126.19332879998422,48.26766940012277],[126.18847630014125,48.26967640004585],[126.18121329975406,48.273483400238774],[126.17568180007504,48.27502040007147],[126.1601867995812,48.27850339971218],[126.14718629990784,48.28213539992879],[126.12640380019525,48.281734400322364],[126.11032879993422,48.281196399794055],[126.09573379957521,48.27288040031027],[126.08016980039599,48.26883690000301],[126.06922980041497,48.26811189984437],[126.05448929964155,48.26798240016768],[126.04799629968954,48.267593400215276],[126.03926830009209,48.2705838996273],[126.02868630043247,48.2760468997447],[126.02078230016309,48.28271839983432],[126.01479330007078,48.285774399568936],[126.01746380001441,48.280574899911755],[126.01923379980008,48.273292400424],[126.01299279977798,48.268096900051944],[126.00950629997578,48.26251239972754],[126.00978080004393,48.257484399885186],[126.01510630011569,48.25418090042825],[126.01766180015204,48.25127040020885],[126.01785279996682,48.24119539964801],[126.02600079979709,48.229720900199425],[126.03520179962345,48.22422390031278],[126.03881830002456,48.220649900072885],[126.03898629967807,48.21744889994682],[126.03970330036714,48.210365399743466],[126.03762029963718,48.19795240018317],[126.03656779966434,48.191970900436786],[126.03739179989168,48.176418399989245],[126.04324329993835,48.16923889985537],[126.05431379964216,48.16057939981948],[126.06591779966675,48.16109440018647],[126.07763679959874,48.15954990000796],[126.08383180019746,48.158786899895574],[126.08963779994463,48.15251540026554],[126.09230779986513,48.14708689994052],[126.09403979969704,48.140029900059915],[126.09221630014224,48.13563090044573],[126.08495329975506,48.13064940004983],[126.07322680037657,48.12578190041444],[126.06227129968079,48.12620139997466],[126.05412279982738,48.12508389970225],[126.04971329972909,48.124290399982044],[126.04952980026019,48.121307400016576],[126.0502473000729,48.11399840020607],[126.05605329981995,48.101318400024184],[126.0617827996366,48.08977890027609],[126.06175930035147,48.08359540020763],[126.06501780043118,48.07360089976174],[126.06857279979499,48.05788790000662],[126.06601729975864,48.0477524002531],[126.07019079976567,48.03984039961483],[126.07240280014912,48.02363589967706],[126.0745772997027,48.01453389991963],[126.07903280012374,48.00754539960059],[126.08390029975908,48.00000389986013],[126.08666230032497,47.993980399975555],[126.08828729971913,47.98853289967366],[126.09062929980246,47.98264289965016],[126.09126280023816,47.97648639992747],[126.09259779974877,47.97012339967523],[126.09295580007017,47.96258940028065],[126.09390229965152,47.95735539993183],[126.09587879996673,47.9516869002303],[126.09718329986947,47.94599889962956],[126.0987928003475,47.940780399995504],[126.10011330008876,47.93487139999519],[126.10240929984934,47.92943940040806],[126.10635380008785,47.92541139991624],[126.11282329985545,47.92532340035467],[126.12270330041702,47.92530839966298],[126.12779230037438,47.925422400423486],[126.13117229976194,47.91886890037949],[126.13468930007116,47.90934740016246],[126.13757329996793,47.899127900132555],[126.13955679970661,47.89300139999466],[126.1405028001642,47.88753889990039],[126.14202880038886,47.88391890023712],[126.14253230022553,47.880500899996605],[126.14267729971766,47.87730390005498],[126.14914680038464,47.877216399617225],[126.15599080033519,47.87644940021971],[126.16142279992232,47.87678889968805],[126.1658627996286,47.87643040024284],[126.17183679992843,47.87747940005431],[126.17684929995528,47.87876489998018],[126.18055730007939,47.87210090023643],[126.19570179969833,47.86047740021189],[126.19843279973395,47.85153939992341],[126.19537329983802,47.8266938999036],[126.19019380020382,47.819804899676456],[126.19068879964846,47.81080990035667],[126.1744687998953,47.78262690021131],[126.17887129967085,47.7752038996403],[126.18768330044406,47.765842399607095],[126.1911318002924,47.7576908996154],[126.19291679987043,47.74858839983483],[126.19586179988221,47.73631290032017],[126.19876879994024,47.72494889967203],[126.19917279968502,47.716502899589216],[126.19970680002882,47.71194439981423],[126.20939629989937,47.707809399784026],[126.22458579979491,47.70903789977933],[126.23709880036938,47.709983900236864],[126.24855780000257,47.71136840023155],[126.25895730023933,47.71363839969246],[126.272781300117,47.7155229002617],[126.28360730023678,47.71620540025907],[126.29273230015554,47.71684640014132],[126.30557229962199,47.717788400414406],[126.31770329966764,47.719634900130586],[126.33220680030365,47.72129840040088],[126.34641279981088,47.722041899614055],[126.35421729998848,47.72196589970656],[126.36241929961102,47.72053090008103],[126.36926280043792,47.719062899833034],[126.37882980005531,47.717426399908504],[126.38459779984862,47.71731190002424],[126.39241779984161,47.71677789968038],[126.40173280042848,47.713302400385544],[126.41332980013021,47.71147139958549],[126.42317179983877,47.71120439986322],[126.43196829989722,47.71160490034595],[126.44167379960618,47.71475990014932],[126.4523462998419,47.71884889985688],[126.46070879967147,47.72151539961607],[126.46910830030788,47.723502900438575],[126.4765398003716,47.724101900182575],[126.4863283003109,47.725196900316746],[126.49549080016038,47.725139400363105],[126.50528729956932,47.725780900268376],[126.50971979982899,47.725406400085376],[126.51421330020366,47.723434399977634],[126.52403279977398,47.72361390016141],[126.52715229973887,47.72207240012125],[126.53224229974239,47.72193540009869],[126.54167929966002,47.723247400347304],[126.54805729970462,47.7249678996489],[126.55209329966613,47.72595590024463],[126.55612130015788,47.72671490017257],[126.55946279956856,47.728145399590574],[126.56140129993014,47.73046490043487],[126.56227129958086,47.73413439968283],[126.56278980010927,47.73825840010511],[126.5618973003202,47.743266899947514],[126.56172180032092,47.74806539999827],[126.56120279976949,47.75262039961183],[126.56030279963454,47.75831989984357],[126.55899030026217,47.765376899724174],[126.5587388003554,47.77177039958434],[126.56021129991166,47.77750739974675],[126.56271380020178,47.78303540016361],[126.56685629967853,47.789737899884244],[126.56999180038133,47.796188399674975],[126.5784832998645,47.80479439994167],[126.58297730026231,47.811275400239595],[126.58548729999893,47.81657389996559],[126.58791330035854,47.82392489991423],[126.58836380044909,47.82987540002972],[126.58773030001339,47.8371734002323],[126.58614329967361,47.84308640041712],[126.5814133000838,47.85099790013305],[126.57746879984529,47.856181899974786],[126.57354729976817,47.860450899889145],[126.5702897997345,47.865649900422625],[126.56864180017897,47.872928399725936],[126.57086930037792,47.876853899987566],[126.57547779976073,47.880592399719546],[126.5794217999761,47.884090400051946],[126.58132929980741,47.88755040043071],[126.58112330020026,47.89279939967258],[126.58123780008452,47.89851389969675],[126.58023829985768,47.906490399712254],[126.58029179962693,47.91380289968413],[126.58130629964603,47.92227189992832],[126.58439630004932,47.9303243998512],[126.59101080020832,47.93546689957782],[126.60001379989706,47.94042189965103],[126.60603329959713,47.94304290000986],[126.61511230009262,47.94594589988344],[126.6201172997736,47.948547400242376],[126.62506879968544,47.95251489974288],[126.62822729965023,47.95896540043293],[126.62861629960264,47.966285899874435],[126.62798330008934,47.97426590005131],[126.62876880033991,47.98022090037432],[126.6301422998273,47.98869339988056],[126.63156879996018,47.99580340040666],[126.63271329967915,48.00000740002156],[126.62747179988366,48.01023490042036],[126.62718180000013,48.01732239990889],[126.6264268002567,48.02715289998639],[126.62867729971765,48.03887189991832],[126.62507630003131,48.04360589969258],[126.61981180007456,48.04716890032455],[126.61090829957845,48.04790890027556],[126.60095230000866,48.04931240024712],[126.59338379992244,48.050765899826445],[126.588912799686,48.0513648995705],[126.58589930011271,48.05817040044366],[126.58454879988722,48.065929400321636],[126.5893017996384,48.06671140041084],[126.59866329967156,48.071471899608525],[126.60426329981146,48.07662189968096],[126.60839080039523,48.08402989956028],[126.61319729991556,48.091678399738385],[126.61773679971361,48.097717400337785],[126.61739380008385,48.1059494004445],[126.61593630032007,48.11645140001218],[126.61916329984649,48.12132639999339],[126.62381730042819,48.124393400235306],[126.62962330017524,48.124503899935064],[126.63892380009338,48.122852400218164],[126.64772779959833,48.12485489993372],[126.6584927996031,48.12616740020542],[126.65390030005881,48.13146189974691],[126.64286730028573,48.13869839981135],[126.6366883004248,48.140708899895856],[126.62774579992879,48.14430190011268],[126.61575329997493,48.14673239978049],[126.60510229983129,48.1509969003867],[126.59989179966692,48.156448399973726],[126.59465780021742,48.163493900223386],[126.58595279988185,48.17417890013621],[126.58042879964944,48.17660140033439],[126.57472980034004,48.17759690037673],[126.57222730004992,48.18494390014092],[126.57467629967152,48.195365899616604],[126.56788630041251,48.20203390044418],[126.55711380006187,48.20739739957037],[126.5522768000344,48.20638639971264],[126.54783680032813,48.20589490042937],[126.53974130022084,48.206672400311106],[126.53243230041039,48.21104040029428],[126.52159879994474,48.21365340028427],[126.51239780011849,48.212432899758596],[126.50263280036347,48.21096789964889],[126.49784079971323,48.20845789991222],[126.49105829990071,48.20519639969416],[126.48802180016605,48.202655900349555],[126.47853829990265,48.197082399633075],[126.47102329958568,48.19702140041733],[126.46282179998616,48.19580440005308],[126.44983680012831,48.18942589998534],[126.44315330038455,48.186481399996694],[126.43567630002133,48.183444900261975],[126.42716979984641,48.18176640019925],[126.42099029996245,48.183082399732996],[126.41687029972456,48.18372739979969],[126.4041977998886,48.184985900279116],[126.40042879964949,48.18540589986242],[126.39285280011666,48.18785090019895],[126.38565830019047,48.18869789968835],[126.37712080038466,48.187930900290894],[126.36962880022907,48.18625640041262],[126.36215980023462,48.18366989984605],[126.35502630042345,48.18108740036331],[126.35095979995492,48.17921440032438],[126.34929629968451,48.176456399942936],[126.34496280039298,48.17115390003249],[126.33715830021549,48.16833090025091],[126.3299477995514,48.16986089976075],[126.32375329987497,48.17231689970521],[126.31860329980248,48.172950400140905],[126.31278230026305,48.173347399562886],[126.31083679957874,48.18476089979572],[126.31036430027234,48.19116190000176],[126.31202679959722,48.19362640033813],[126.31543730039118,48.19884089978774],[126.31889329968612,48.20908390000204],[126.32010629986587,48.21595740041374],[126.3192292998923,48.2255514003769],[126.31360629959113,48.232360899635864],[126.30529779955384,48.23707590033257],[126.30108629959307,48.24206940038255],[126.29402180026591,48.252284900228005],[126.28775029973656,48.25725189995529],[126.28323380009988,48.26018540033601]]]]}},{"type":"Feature","properties":{"regionCode":"230231","regionName":"拜泉县","sourceFeatureName":"Baiquan County","sourceFeatureId":"62558664B14556220126727"},"geometry":{"type":"MultiPolygon","coordinates":[[[[126.51421330020366,47.723434399977634],[126.50971979982899,47.725406400085376],[126.50528729956932,47.725780900268376],[126.49549080016038,47.725139400363105],[126.4863283003109,47.725196900316746],[126.4765398003716,47.724101900182575],[126.46910830030788,47.723502900438575],[126.46070879967147,47.72151539961607],[126.4523462998419,47.71884889985688],[126.44167379960618,47.71475990014932],[126.43196829989722,47.71160490034595],[126.42317179983877,47.71120439986322],[126.41332980013021,47.71147139958549],[126.40173280042848,47.713302400385544],[126.39241779984161,47.71677789968038],[126.38459779984862,47.71731190002424],[126.37882980005531,47.717426399908504],[126.36926280043792,47.719062899833034],[126.36241929961102,47.72053090008103],[126.35421729998848,47.72196589970656],[126.34641279981088,47.722041899614055],[126.33220680030365,47.72129840040088],[126.31770329966764,47.719634900130586],[126.30557229962199,47.717788400414406],[126.29273230015554,47.71684640014132],[126.28360730023678,47.71620540025907],[126.272781300117,47.7155229002617],[126.25895730023933,47.71363839969246],[126.24855780000257,47.71136840023155],[126.23709880036938,47.709983900236864],[126.22458579979491,47.70903789977933],[126.20939629989937,47.707809399784026],[126.19970680002882,47.71194439981423],[126.19917279968502,47.716502899589216],[126.19876879994024,47.72494889967203],[126.19586179988221,47.73631290032017],[126.19291679987043,47.74858839983483],[126.1911318002924,47.7576908996154],[126.18768330044406,47.765842399607095],[126.17887129967085,47.7752038996403],[126.1744687998953,47.78262690021131],[126.19068879964846,47.81080990035667],[126.19019380020382,47.819804899676456],[126.19537329983802,47.8266938999036],[126.19843279973395,47.85153939992341],[126.19570179969833,47.86047740021189],[126.18055730007939,47.87210090023643],[126.17684929995528,47.87876489998018],[126.17183679992843,47.87747940005431],[126.1658627996286,47.87643040024284],[126.16142279992232,47.87678889968805],[126.15599080033519,47.87644940021971],[126.14914680038464,47.877216399617225],[126.14267729971766,47.87730390005498],[126.13108080003894,47.87819689986708],[126.12596129957433,47.87853990039616],[126.11918630010769,47.87793739959136],[126.1113663001147,47.877769399937904],[126.09719829966184,47.875629400176706],[126.088386299788,47.874751900180115],[126.07552330016028,47.873779400299156],[126.06128680014581,47.8725469001194],[126.04606629972,47.870837900448805],[126.03192130032778,47.86823590006679],[126.01535780002257,47.86626439998213],[126.00000029957425,47.86368939994588],[125.98937979993786,47.8633573999241],[125.98120879994622,47.86299490029444],[125.97644829984927,47.86282339958029],[125.96248629990293,47.8618429002297],[125.94438929992634,47.859084399825235],[125.93044329981853,47.858325899920374],[125.91956329990637,47.85867689991903],[125.90632630011874,47.85973340007638],[125.89241779994154,47.860576400280706],[125.87776879979037,47.85959239986943],[125.86409779977373,47.85654439960439],[125.85349279995285,47.85345840028498],[125.83782180033586,47.85225289955173],[125.82116680030765,47.85242440026593],[125.80963930021358,47.8536874000535],[125.79537980003784,47.85451490044238],[125.78144829969938,47.85465639977309],[125.76851629958765,47.8545608998657],[125.75219729976561,47.85380540009919],[125.74064630038652,47.854369900050926],[125.72598279956662,47.85177590003781],[125.7126462996871,47.848476399866],[125.70169830023644,47.84492489976435],[125.68872830017096,47.84230789958997],[125.67072279991737,47.8424718999583],[125.66288730010888,47.841857900421815],[125.65302230023906,47.84148839957004],[125.64143380002986,47.83953490031547],[125.63221730038822,47.837791399953176],[125.62132279980744,47.83651340037318],[125.60739879981486,47.83686440037184],[125.60193579969746,47.8355408995929],[125.58759280016761,47.83200840036744],[125.57805680018123,47.83071490007262],[125.56648229971847,47.8294448999622],[125.5539092999743,47.82954390003101],[125.54337329973805,47.82871639964219],[125.53520179972338,47.82809839992126],[125.52702330028512,47.82702239976402],[125.51920330029213,47.826164399767265],[125.51376330033611,47.825752399653595],[125.50422680032659,47.82559939979251],[125.49912279967748,47.824493400050414],[125.50211329998888,47.82081989971863],[125.50406630011969,47.8160134001983],[125.50866630000985,47.80707139972537],[125.51394629978199,47.79880890001078],[125.51860030036369,47.792838899895344],[125.5383298000803,47.794738900280095],[125.54714980032304,47.79444140005063],[125.55737229959198,47.79618440038985],[125.56314080030779,47.7959099003217],[125.56848130017192,47.79106890010968],[125.57301329962411,47.77916339967123],[125.57324230029201,47.77321939985546],[125.56838980044904,47.76800889969104],[125.56524630027661,47.76346939989293],[125.56139379978413,47.75642789982777],[125.56260679996387,47.749107400386265],[125.56620030020372,47.74131790000115],[125.56947330005278,47.73466890004977],[125.57177730018236,47.73167739969227],[125.57338729978414,47.72710039996355],[125.57441729961874,47.709281900239546],[125.56987779982069,47.70224390033576],[125.56601729985857,47.69519790006308],[125.57414230042684,47.694900399833614],[125.57988730005889,47.69370989979211],[125.58216079968122,47.68866740018041],[125.58070379994047,47.683200899901635],[125.58025379987305,47.677039899971476],[125.58284779988617,47.671081400386356],[125.58782179993614,47.665332899693624],[125.59175879982877,47.658904900041136],[125.59153730040612,47.64726240003978],[125.59687029992449,47.64287940026418],[125.60392779982817,47.64007589958317],[125.61844630025666,47.6378973998452],[125.62651830017944,47.63531889964753],[125.63218679988097,47.6313858999394],[125.63613879956597,47.62541589982396],[125.63806180011204,47.61991889993732],[125.637626799837,47.615352399793494],[125.63719179956195,47.61033240032009],[125.63977029975956,47.603687399653836],[125.64035030042612,47.598888399580005],[125.63954930035993,47.59249889990434],[125.64012129975822,47.58724589957865],[125.63226329981148,47.583205900332075],[125.6324767997645,47.57726289966314],[125.63713829979281,47.5735704002538],[125.64253230032546,47.57260889998082],[125.64927680018423,47.57186489984531],[125.6542972996807,47.569076399856044],[125.65213029957374,47.56224439955946],[125.64125079968471,47.55914689970973],[125.63607780035022,47.55393989970668],[125.63329329964608,47.54962939967709],[125.63520829982326,47.544360900435265],[125.64353929999879,47.53834540002026],[125.64752180019104,47.53488539964155],[125.65014629981192,47.530978900256116],[125.65099330020075,47.52252639987353],[125.6495437999065,47.517284400055075],[125.64978780036677,47.513171900163115],[125.64491280038544,47.50567990000741],[125.64073180003265,47.499091900171095],[125.63760379967573,47.49455240037304],[125.63749680013723,47.48952839981587],[125.6387863002476,47.48632439955145],[125.63939679962266,47.48289090039481],[125.6396712996908,47.479690400291815],[125.63655830002563,47.475837899799274],[125.62801379989696,47.47066090028039],[125.6182022997964,47.46937540035452],[125.6091003000389,47.47013839956753],[125.60131079965379,47.468379900312186],[125.59722880026902,47.4670408997178],[125.59545879958398,47.462722900241715],[125.59397829965883,47.45565389980766],[125.59570330006727,47.439422400423496],[125.58846279981844,47.431491399808294],[125.58535779962278,47.427863899799206],[125.58326730034571,47.42422840032049],[125.58351880025248,47.419887399783704],[125.58650130019487,47.41735089972428],[125.58844730000294,47.41321939985545],[125.59007280031949,47.410011400305905],[125.5886532996102,47.406139399813526],[125.58148930019115,47.40163439980773],[125.57898729992405,47.39411940039008],[125.58100130016987,47.37537390018542],[125.57785029965169,47.36923590041653],[125.57276930006321,47.36767939968462],[125.56463630002531,47.36545939983148],[125.5582273003497,47.364375900227685],[125.5538178002513,47.36281190004922],[125.55477879960199,47.360065400198096],[125.56005880027351,47.354080400290286],[125.56366730030572,47.34902590012524],[125.56790180042776,47.34122440008605],[125.56780979978248,47.33643340038117],[125.56572729997492,47.333022899587206],[125.55818930039595,47.32600389966029],[125.55135329991492,47.31943839996222],[125.55326830009199,47.314395900350576],[125.55522130022291,47.31072990036466],[125.5554733001527,47.305702399646066],[125.55756380032915,47.29759589993091],[125.5764008002568,47.29766839967698],[125.58280179956341,47.29807290034415],[125.59799929982785,47.30114289982504],[125.61958329962965,47.303928399675954],[125.64044979961864,47.303973899975574],[125.66644280039498,47.307853899937584],[125.7001573002193,47.311652899761555],[125.71457679967966,47.309006400025396],[125.71858980037905,47.30782290030663],[125.73470279969456,47.3060723996216],[125.74347679961465,47.30735790044679],[125.76304630004677,47.309673400207316],[125.77349830000662,47.31048589990439],[125.79579130012849,47.314140400259305],[125.80555729992955,47.31449889970452],[125.82205179975085,47.31455589963514],[125.83657829964886,47.31692139990275],[125.85550680019878,47.32037339991251],[125.88014279955064,47.32307440036334],[125.89703379967023,47.32517640017079],[125.9145738000409,47.32657990014235],[125.93079379979406,47.32913990038617],[125.94130679986893,47.3324433998431],[125.95722980031508,47.3363724002661],[125.97812629988891,47.33750190019259],[126.00000029957425,47.337021399617925],[126.0098112996518,47.339335900231674],[126.02026379963468,47.33911890011723],[126.03134129966134,47.33982839956104],[126.04341879993774,47.34078989983408],[126.05783079995149,47.34225840010515],[126.06622330026516,47.342674400403325],[126.07631679988049,47.34290290014877],[126.08365630019819,47.34420790007459],[126.09137730012242,47.34483690030277],[126.10144779957636,47.345516400161785],[126.11087029972464,47.34572239976899],[126.118560800041,47.34680940043353],[126.12287180009355,47.348274399643856],[126.1335367999834,47.35056690014238],[126.14627830030338,47.351756900160865],[126.15901180025446,47.35317589994787],[126.17310329987743,47.354396899597305],[126.1845628004329,47.35441589957418],[126.19904330000838,47.35449589966606],[126.21275330002481,47.35661290016526],[126.226509300364,47.35758990025374],[126.23831179964986,47.35738389974722],[126.25614179990419,47.35775389972275],[126.26786029981304,47.35937089964733],[126.27517679996936,47.3613473999626],[126.28822329996535,47.3634453995856],[126.30532830006109,47.36516589978652],[126.32006829991212,47.36706940033264],[126.32978780026679,47.36817540007473],[126.34763330033661,47.36853839972741],[126.35730730039165,47.37055590013472],[126.37130730029173,47.37403439956796],[126.38173680011334,47.37446989986603],[126.39792630025863,47.373874900306475],[126.408363300426,47.374309399659126],[126.42574329971353,47.37527840027798],[126.4334183002145,47.37608339962924],[126.4331132996391,47.38208390025187],[126.44143680036814,47.392036399660185],[126.43895730023928,47.397235900216685],[126.44638079993399,47.4034154001007],[126.45413979981197,47.40284739998759],[126.47122179974633,47.414500899596874],[126.47466280014817,47.43410089963686],[126.48207830037336,47.4402734000974],[126.4930417996394,47.44203190025206],[126.49273679996338,47.44802839979087],[126.49910729966223,47.45342989977013],[126.49997730021232,47.45795039959131],[126.48895279993178,47.457698899684544],[126.49073780040919,47.4659994002522],[126.50134280023008,47.475253899847644],[126.51908129986214,47.474151400266976],[126.52332280030703,47.47800439988322],[126.52404779956635,47.48552639962372],[126.50729380036864,47.488899399587694],[126.50702679974711,47.49414839972894],[126.52282729993999,47.51026890028959],[126.52474230011717,47.51631939962067],[126.53321829978472,47.524017400282844],[126.53121930023053,47.541988399844854],[126.52855679975653,47.55093439960291],[126.53273029976356,47.556281899789894],[126.53247080038716,47.56153089993114],[126.54187779982067,47.573001900117674],[126.55478679977102,47.58079889994934],[126.55605329972002,47.585304399978156],[126.5324478002259,47.590556900280774],[126.52761080019832,47.59297939957969],[126.5237503002362,47.59656540037298],[126.51986680011282,47.600379900012456],[126.51722729980008,47.60718539998629],[126.51661680042503,47.614028899913876],[126.51740279979947,47.61975489956899],[126.51785279986689,47.62547689993903],[126.51837929986482,47.62891390015642],[126.51850880044083,47.63417039974422],[126.51822730004994,47.640792900272174],[126.51731880042234,47.64672090024942],[126.51598329998933,47.65468989991899],[126.51490779985511,47.66449339965072],[126.51416029955828,47.67453340039617],[126.51418279969653,47.682300399743724],[126.51422880001917,47.689616899900045],[126.51383980006676,47.69920739970178],[126.51363379956024,47.712684399765294],[126.51421330020366,47.723434399977634]]]]}},{"type":"Feature","properties":{"regionCode":"230281","regionName":"讷河市","sourceFeatureName":"Nehe City","sourceFeatureId":"62558664B94970929138909"},"geometry":{"type":"MultiPolygon","coordinates":[[[[124.41337649962577,48.086900399733736],[124.40846229999522,48.08686840005669],[124.40492230042389,48.08473939990341],[124.40059679970261,48.07287190031798],[124.37789929981295,48.069167900378375],[124.37156680006785,48.046100399613806],[124.36315879993867,48.038879400264136],[124.36015329983502,48.02922040000152],[124.36865980000982,48.02365889983844],[124.36936180000714,48.01837539990481],[124.35854380025626,48.008987400448234],[124.35295879990872,48.009189399870934],[124.34845730006441,48.00000740002156],[124.33595279988185,47.994262400389516],[124.32573680001337,47.99331289977056],[124.31926730024577,47.992370400373716],[124.31553629996029,47.99121840030898],[124.31693279960905,47.98848340008891],[124.32071679964065,47.9837114003609],[124.32346330039104,47.981899400437044],[124.32585129989764,47.979854399660894],[124.33029179962693,47.978729399941926],[124.33030680031868,47.975765399953275],[124.3255613000141,47.97437639975112],[124.31739030002234,47.97366340014588],[124.3133163001072,47.97136690036223],[124.30996680032763,47.96610240040553],[124.31475830005559,47.963157400393754],[124.31614680023472,47.959743400337686],[124.31861129967183,47.95500190021755],[124.33571629976745,47.9559248996145],[124.34150679969912,47.95730989963221],[124.35307329979298,47.96121189970944],[124.37315380040764,47.96284839963397],[124.3867722998018,47.96470239969602],[124.40141279956106,47.96678140024147],[124.41195680016631,47.9693108999781],[124.4242172998886,47.97343440037736],[124.43544779977617,47.97779089983021],[124.44770030002894,47.98373789978427],[124.4742737996961,47.98696490021001],[124.51856229971042,48.00000389986013],[124.5396733001827,48.00576790036837],[124.54988079965926,48.00666040015739],[124.55964680035959,48.00903690003298],[124.57684330017821,48.014339399943424],[124.58690630018566,48.01624739979769],[124.59963229979087,48.017134900255485],[124.61757679992945,48.01919539994782],[124.62731930044538,48.02111090014796],[124.63999929972795,48.02153790005411],[124.64473729968665,48.02112189975594],[124.64965029962173,48.018638400341956],[124.65072629977897,48.0153883997549],[124.65219930025751,48.01258089978876],[124.65554029964517,48.00786589999137],[124.65772230044388,48.00000740002156],[124.65556329980654,47.99500639962571],[124.6541673001808,47.98587790044479],[124.65177929977494,47.977889899899026],[124.65177130030531,47.973098900194145],[124.65754680044449,47.96715939968658],[124.6653897996996,47.9676133999385],[124.67594930012012,47.968974899771865],[124.68412779955838,47.969653899607806],[124.68958280020615,47.96942139967791],[124.70047779991057,47.97077940024917],[124.71376780034382,47.973052899871504],[124.72228980033412,47.975101399909704],[124.73116280032309,47.9764593995817],[124.7410433000083,47.97827140040488],[124.74548329971458,47.98123590041655],[124.74276680034757,47.988315400435454],[124.73903630008522,47.99174490030697],[124.73597730021231,47.99631090042777],[124.73178880041291,48.00000389986013],[124.73969279978292,48.00524539965551],[124.74291980020871,48.00695040004098],[124.75608080008897,48.00894939959517],[124.76534280003023,48.00926989998595],[124.77876280016312,48.0103378997743],[124.78523229993073,48.013976900313764],[124.79676030004782,48.01671990000341],[124.80747979975297,48.01812339997497],[124.81575780018238,48.0189358996721],[124.82816330029618,48.02003840015209],[124.8432232996156,48.020347400012554],[124.85185980038955,48.02136990040066],[124.86714180005413,48.023956400067846],[124.88186630008977,48.024272900274184],[124.88182079979015,48.027484900008176],[124.87921129996164,48.03997440039831],[124.88276680024774,48.0451009002864],[124.89215080041913,48.04677940034912],[124.91364279957565,48.04612739995957],[124.92874880011709,48.04687890044096],[124.94046029970309,48.04776740004553],[124.96373730023629,48.047946900229306],[124.97367880003662,48.04822140029745],[124.99011229974292,48.048450400065974],[125.00463879964093,48.050132900313145],[125.01541830031442,48.05197139966043],[125.0241467999349,48.05389790036787],[125.0288773004471,48.05323789960943],[125.04045880033345,48.05274939956519],[125.05355830007557,48.053802399561164],[125.06342329994538,48.05681990021827],[125.07035829959591,48.061340400039455],[125.07727830035333,48.062190899690336],[125.08500679972406,48.06071489997271],[125.09367380010588,48.05828090014347],[125.10574330001339,48.05569839976141],[125.1140287998893,48.05304689979465],[125.11985030035112,48.04958740033828],[125.12777779990563,48.0467224004185],[125.13670279959456,48.047023899933095],[125.14874279994035,48.04764939999984],[125.16188029963621,48.04914489971742],[125.17311080042316,48.052093399890566],[125.18212879990426,48.05330640007037],[125.19895179958598,48.05051039973523],[125.20469680011729,48.04980090029136],[125.20202630017366,48.06780240036056],[125.2056198004135,48.0729218999258],[125.19938679986103,48.079158899763456],[125.19505329967012,48.08370990009189],[125.19194780035082,48.090495900065775],[125.192436300395,48.09551989972363],[125.19236729991098,48.10515589982498],[125.19246680000288,48.11317890018614],[125.19429029955779,48.12112789983274],[125.19618979991935,48.12998940019071],[125.19564029976004,48.138267399720746],[125.19111629977749,48.14810189998275],[125.1876983004363,48.168895900225664],[125.18698129974723,48.17557539978492],[125.18755330004478,48.18128190033946],[125.1835327998989,48.18925840035496],[125.18199129985862,48.2014809001235],[125.18041229988785,48.209808400137604],[125.1790237997086,48.21651840020405],[125.17594930002019,48.22720340011688],[125.1787033002172,48.23075490021853],[125.19091779961684,48.23274590030309],[125.2038267995672,48.234931900386925],[125.22113029982359,48.236240399574854],[125.23542779995307,48.238368899704994],[125.23995980030463,48.24252289971213],[125.24569679956767,48.248466400404084],[125.24629980039549,48.25440189982788],[125.25243379997994,48.26078390005699],[125.2659373003662,48.26867689981913],[125.27873229955605,48.27292639973359],[125.28526280033805,48.272865399618524],[125.292739799802,48.272079400244195],[125.29695880010865,48.27303690033273],[125.30300880031598,48.27506240020966],[125.31076029984797,48.27700789999466],[125.31918329976952,48.27869789968838],[125.32655329969509,48.28020489993622],[125.33117679976954,48.28183340039118],[125.33851580006422,48.28631990044312],[125.34288029988602,48.28864639981157],[125.3487928000477,48.289302900408586],[125.35959630002924,48.28743739981621],[125.36498280021613,48.28627740028185],[125.37386329965159,48.28564389984615],[125.38178229971345,48.28253590041152],[125.38913729984654,48.28059740005],[125.3969803000009,48.276569399558184],[125.4072263003535,48.27266290017275],[125.41723629971557,48.27312840005567],[125.425506799799,48.276649399650125],[125.4311518002155,48.27799939985249],[125.43699629993932,48.27796189992182],[125.44848630010279,48.27949889975446],[125.45366679978304,48.27972040007643],[125.45890030010878,48.28039539972798],[125.46634679996487,48.28258139981182],[125.47057329971813,48.286746900349215],[125.47194680010477,48.29011890026709],[125.47228230028804,48.293315900208654],[125.4734873000989,48.30152490015405],[125.4748612996093,48.30811289999042],[125.47752380008342,48.313728399945774],[125.47882079964029,48.31962889955412],[125.48017880021155,48.32599189980641],[125.48253630011027,48.33208090001358],[125.48401630001229,48.33637240006624],[125.48712130020795,48.339668400076675],[125.49273680016324,48.34078640037211],[125.49976330043603,48.342067900113534],[125.50807929991981,48.342601899558076],[125.51825729983454,48.341213400278264],[125.52133929986883,48.337856400152816],[125.52822129977324,48.331340900062514],[125.535026299724,48.32735439968587],[125.54437229994176,48.32462289962717],[125.55332179986124,48.32466489976537],[125.55796830009706,48.329493900323314],[125.56242379961873,48.33571240020717],[125.56268329989439,48.34143439967784],[125.55827329977308,48.35173789998413],[125.5528107996787,48.361861900106646],[125.55361179974477,48.36939640042357],[125.55814380009633,48.37308489964846],[125.56211829991969,48.37817739976725],[125.56153079980663,48.38233189979741],[125.56111130024635,48.38808839995977],[125.55554980008321,48.3940849003979],[125.55535129992256,48.398685400311024],[125.55056779966424,48.40555939984648],[125.5509032998475,48.411971899683465],[125.55078129961737,48.417255399617034],[125.5485227997874,48.421947400152476],[125.54753129992957,48.432090900274886],[125.5445097999874,48.44577039978418],[125.54134379967672,48.454868400256544],[125.53993230023548,48.46112840025552],[125.53806280035803,48.47589889971448],[125.53588879992822,48.48150640020026],[125.53376780014389,48.49078740011845],[125.53228780024187,48.49957289966966],[125.52992229997426,48.50978090006856],[125.53025830018044,48.5161893997211],[125.53111280001576,48.52096539963355],[125.53414929975042,48.526794400441304],[125.53672029960217,48.528281899789874],[125.54350280031406,48.52704640037115],[125.54448679982602,48.52333039987809],[125.54525730028422,48.51755889992336],[125.56086679976306,48.518203899990056],[125.56672680020176,48.52137739974728],[125.58318330006932,48.52657290011928],[125.59145330012973,48.52962489966944],[125.5971832999694,48.52821340022831],[125.60843629999533,48.530208399597996],[125.61551680006039,48.53170740037626],[125.6253663001147,48.533313899816676],[125.63321679971557,48.53569389985364],[125.63876330008634,48.53887539997976],[125.64663679984847,48.53827290007433],[125.65228280031101,48.536166900082435],[125.65888980012426,48.5333288996091],[125.66898329973958,48.53078440008005],[125.677322300284,48.53130689989359],[125.68142679980701,48.534095899905935],[125.68396780007402,48.53832990000495],[125.68668380031716,48.544170400443704],[125.69000229956657,48.54928939998587],[125.6972427998154,48.55215790006707],[125.70201130028136,48.55468339961925],[125.70288830025493,48.56267540034952],[125.70262930000229,48.56980139981482],[125.7046737998561,48.57888389957236],[125.70707680005432,48.58817690004395],[125.71414230032701,48.59265889988836],[125.72181679990547,48.59642389994309],[125.73074329966357,48.595763900083966],[125.73506930040799,48.59417739976726],[125.73420730022679,48.58962640033815],[125.73841830016454,48.58070740002654],[125.74574279979049,48.57805990024423],[125.75785830002064,48.57816289959817],[125.76661680012523,48.58232890015864],[125.77577979999785,48.586932900233194],[125.78630829988822,48.588260400297315],[125.79638679971106,48.58868790022649],[125.80914279980038,48.588294900089636],[125.81414030003486,48.58965689994602],[125.80848680012582,48.60095140008707],[125.81182080008989,48.60285539975695],[125.81754279956067,48.60142889962407],[125.82879629960962,48.5969734001024],[125.83336629991493,48.60065439988068],[125.83042129990315,48.60515589972505],[125.82861330016374,48.61374290001487],[125.83901230037748,48.61690139997967],[125.85330180013807,48.620796399734104],[125.8570022999163,48.62290589988743],[125.86102280006219,48.627758399730396],[125.86486780020891,48.631240900247406],[125.8732528001766,48.63794389999106],[125.8727113003863,48.642333900089454],[125.86766030038257,48.64671689986511],[125.86013030027323,48.65052790024248],[125.86077130015542,48.656234899920776],[125.86556980020623,48.655769400037855],[125.88038629998778,48.65504089971779],[125.88873279997881,48.66128539990132],[125.89250180021793,48.66798789962195],[125.89367630042102,48.67267239981146],[125.89913929963905,48.67852790004258],[125.91085030010129,48.68672540035698],[125.92802429978167,48.695701399699885],[125.94793679984355,48.70468140012656],[125.95925180003064,48.70663440025743],[125.9662778002803,48.70233839999719],[125.97291579972443,48.70351040008495],[125.9791643000924,48.715999399552686],[125.98072029990203,48.72497939997936],[125.97447979990295,48.73434840035844],[125.96432480014948,48.74566639978457],[125.95847330010281,48.74840140000464],[125.95301029998541,48.75464640021124],[125.9510572998546,48.763232899578725],[125.951446299807,48.77025989987453],[125.94793679984355,48.774944400064044],[125.93713329986201,48.77802640009833],[125.92651380027178,48.77924339956331],[125.91837329988789,48.7810248998793],[125.9132078,48.787479399854476],[125.90869879980983,48.79664990007291],[125.90203830022745,48.80524439980928],[125.89729329994589,48.8123663999894],[125.88481129990168,48.82790439976827],[125.8758927996131,48.8349988995796],[125.86186979955164,48.83706639959473],[125.85056279973344,48.83853890005025],[125.8352967999075,48.84203740040573],[125.83262629996386,48.84606940018273],[125.82736180000711,48.85482039994156],[125.82140330042205,48.85740639958573],[125.81124130034584,48.853763399761135],[125.7979277997282,48.84981890042195],[125.79183180009761,48.8450658997715],[125.78057079970267,48.83459089965038],[125.78109729970072,48.82997489992175],[125.7785032996876,48.82229990032022],[125.77420780034981,48.81814190012864],[125.76109279989282,48.81579189967647],[125.74858080026377,48.81272140017251],[125.73574079989805,48.806678900311056],[125.72202280041199,48.79884339960324],[125.71431730030326,48.79829390034325],[125.69954679994487,48.7967033998421],[125.68453930034855,48.79925140043184],[125.67485029960176,48.8059083998528],[125.66546630032951,48.81232089968984],[125.66017980025765,48.81784439989917],[125.65263380030967,48.82508840030948],[125.64531680013033,48.8346138998117],[125.64276130009398,48.83978289986101],[125.63748180034486,48.84875539994181],[125.63007330044252,48.854148899552115],[125.62690730013185,48.85705190032502],[125.62387829984368,48.86430740036627],[125.62159729987559,48.87221549974555],[125.62110879983129,48.879383000225346],[125.61466180020193,48.87684249998142],[125.60788729985904,48.87453849985195],[125.6021578000425,48.87220400011455],[125.58959980009081,48.866874400033566],[125.579727299875,48.86490239992588],[125.57446279991836,48.86414690015937],[125.5695417996144,48.863391900415934],[125.56289679984752,48.862911399841266],[125.55726630009974,48.861942400121734],[125.55274180009405,48.86162940007682],[125.54392229987434,48.85984789976084],[125.53576679969808,48.85758189958506],[125.53076930036298,48.855678399938256],[125.52533729987658,48.85263840004217],[125.52279679963272,48.85111239981745],[125.51950829996815,48.848926399733614],[125.51584630016669,48.8462903995823],[125.5111767997696,48.844146899659734],[125.50797280040445,48.840766900272286],[125.50086980020114,48.83282840021053],[125.49120329959271,48.826850899749275],[125.48229229965,48.82151790023096],[125.46011330028864,48.81220239962107],[125.4508438000014,48.806655900149735],[125.44654829976423,48.79882439962637],[125.44891330000883,48.78173440022243],[125.44209280024256,48.77630589989741],[125.42794029960521,48.77373490004567],[125.4156873002288,48.77612689973671],[125.40361079999843,48.78011340011335],[125.39378330005934,48.77573389959986],[125.37304679977001,48.76335539983188],[125.36235030022624,48.757179400109294],[125.34015630017313,48.743942400321544],[125.33193979988187,48.73811340041317],[125.32610279960454,48.73194490013708],[125.31359079997549,48.72493339965672],[125.30451180037937,48.72097389962585],[125.29305279984692,48.71734989977813],[125.27883179964795,48.71728490037788],[125.26722729960022,48.719169400047804],[125.25485229999367,48.72017639972114],[125.2477188001825,48.71818939982097],[125.24317880036142,48.71448890004274],[125.23782329980554,48.70944190022357],[125.23272680040157,48.70370089987671],[125.2274168001453,48.70600139984481],[125.22030629959613,48.71112439957142],[125.2148588001935,48.712047399867686],[125.21115130009252,48.716571399850295],[125.21231829994963,48.72133640015477],[125.20947280002974,48.72398389993708],[125.20390330039709,48.72376239961511],[125.19888280000123,48.71870440018796],[125.19080329973258,48.71767789961541],[125.18910230043093,48.721420400431214],[125.17923729966174,48.723453399754646],[125.16600780021986,48.7263144003893],[125.15104680006982,48.722366399989426],[125.13562030003686,48.7205048995815],[125.12629679995746,48.72090139987978],[125.11401380009681,48.726470900411755],[125.10324079972315,48.72623839958254],[125.0982208002498,48.728057899852274],[125.09234630004175,48.73541640014679],[125.08421330000385,48.74081039978017],[125.0750123001776,48.7388993997875],[125.05798329998936,48.73502740019444],[125.04566130012893,48.736694399726844],[125.03785729997446,48.74206540009817],[125.03836079981113,48.75075889990336],[125.04094680035462,48.763267400270365],[125.03983280024363,48.769508400292466],[125.03381329964418,48.77549340020033],[125.02365879991373,48.785320400116404],[125.01177979979798,48.79177490009164],[125.00211330008881,48.79951840015411],[124.99562080015983,48.807815399661024],[124.99746679985299,48.812557399804234],[125.00627130028033,48.81746689957782],[125.01074979996338,48.82072040032625],[125.01573879980583,48.82556139963896],[125.01660930037895,48.83102789991773],[125.01428980043397,48.83938190025452],[125.00816330029613,48.8442263997286],[125.00871279955606,48.8499373995914],[125.01299279997784,48.85824589962863],[125.01287029972457,48.86788539989135],[125.01127579993829,48.87666349982072],[124.99845130028734,48.88064199982847],[124.98571780033626,48.87841039962029],[124.97132080011488,48.880611500220596],[124.95831280009565,48.88274699977427],[124.94596880012011,48.88462850020517],[124.92304229956255,48.88854190008868],[124.91069779956388,48.89042300032128],[124.90009279974299,48.892226999876186],[124.88130929958459,48.892296000360204],[124.86818729970423,48.88961399988625],[124.86363980043654,48.88933549963366],[124.85804729974313,48.89276899968962],[124.85175329997492,48.89600399958499],[124.83834829963439,48.90158449972495],[124.82659930011766,48.906184899813354],[124.82106780043875,48.91030149971448],[124.8198017996134,48.91539399983327],[124.81345380005291,48.91817090036682],[124.80525180043026,48.919872500415636],[124.79620379956577,48.9197694003376],[124.76997379955128,48.91461199974407],[124.7602763002111,48.91521849983394],[124.73886499991988,48.918945599759695],[124.73268890037252,48.91535189987036],[124.69381709977938,48.855602300206044],[124.69022370026357,48.84984210023282],[124.6909331997075,48.84480290023373],[124.6909331997075,48.83904270026045],[124.68446350029035,48.83472440041078],[124.67366029978302,48.83400340043664],[124.66069789988819,48.83328629992286],[124.6491928001077,48.82752609994958],[124.64270779962533,48.821765899976356],[124.64127349967237,48.816726699977266],[124.6397170996645,48.81164549983998],[124.64846040032728,48.7908133998186],[124.64630129986517,48.78145220015898],[124.6455765002554,48.77137370033603],[124.62542719970554,48.760578199824124],[124.61174770019625,48.75265879956402],[124.6067122998328,48.74689870031483],[124.61318970014463,48.712345099746585],[124.61828850001427,48.69126530035339],[124.60958859973414,48.67347339987754],[124.58007810042409,48.591407799930096],[124.53545379985303,48.57340999967181],[124.5260773000274,48.49494169959979],[124.530403100223,48.4899024996007],[124.53185270034191,48.48270420003888],[124.53579709985638,48.47226719987145],[124.52896120009939,48.461826300243615],[124.52752690014643,48.45391080034324],[124.52247619961702,48.45175169988107],[124.51924130044574,48.44178009977185],[124.52752690014643,48.427993800373656],[124.52860259993008,48.418994899794825],[124.52176670017309,48.41503520011446],[124.51744840032347,48.40927889960159],[124.51275629996337,48.40459819994703],[124.51312260012799,48.39775849965508],[124.51744840032347,48.3941611997796],[124.52356719956663,48.38875959997563],[124.5109633998411,48.379043599782335],[124.50988770005733,48.37436290012778],[124.51672359981433,48.36680600039665],[124.51528929986137,48.35600660042434],[124.50808719976453,48.35096740042525],[124.51168820035025,48.34304809998986],[124.5109633998411,48.33800889999077],[124.50952909988814,48.332248700017544],[124.51312260012799,48.331531499679045],[124.51744840032347,48.331531499679045],[124.52393339990658,48.332969699991736],[124.530403100223,48.33441160011529],[124.53903960009757,48.326492299679956],[124.54479980007079,48.325771299705764],[124.55056000004402,48.323612200142975],[124.54984279970552,48.318573000143886],[124.54408259973229,48.31425480011899],[124.54335780012241,48.30849460014571],[124.54624180001917,48.30561449970946],[124.54695889963352,48.29337690032372],[124.55632020001724,48.286899599836715],[124.55632020001724,48.28113939986349],[124.56855769957826,48.278980300300645],[124.57215879998864,48.27249910035323],[124.55919649991858,48.26674270001564],[124.55416109955513,48.26530079989203],[124.54551700040929,48.25090410004424],[124.55056000004402,48.24586490004515],[124.55703740035585,48.24298479960885],[124.55992130042773,48.233627299760144],[124.55847929958009,48.225708000224074],[124.55271909960686,48.21994780025085],[124.54551700040929,48.21490860025176],[124.54479980007079,48.20915219991417],[124.54335780012241,48.20267109979147],[124.53903960009757,48.196914700353204],[124.51455690008095,48.1853943004067],[124.51672359981433,48.17747499997131],[124.51669310020645,48.17089839994128],[124.50016780040369,48.1659583996605],[124.5073700003253,48.14220429978866],[124.50303650013439,48.13212589979048],[124.5014406001037,48.12587039999903],[124.49563260026434,48.11847510034568],[124.48946300011744,48.118900199984296],[124.48113040004796,48.12505440014053],[124.47545709976544,48.12469930013265],[124.47094730007791,48.12011339981359],[124.46646189989679,48.113405600388205],[124.45962609996457,48.10615449983038],[124.45490940044851,48.1046396997624],[124.44408700031488,48.0973421995829],[124.43050850006728,48.09330990033169],[124.42869309980676,48.08999939965264],[124.42992700023092,48.08621739971329],[124.4299631997419,48.08296940011775],[124.4270630003573,48.08045680044103],[124.42234250030617,48.0803631999018],[124.41832350022946,48.084444499613994],[124.41337649962577,48.086900399733736]]]]}}]}
